Instance,M,N,Objective,Distance,Time,TotalIteration,ElapsedTime,AlgFlag
1_5,1,5,82.3347,64.6694,2.04174,1000000,4.80561,3
1_5,1,5,82.3347,64.6694,2.04174,1000000,4.75858,3
1_5,1,5,82.3347,64.6694,2.04174,1000000,4.81359,3
1_5,1,5,82.3347,64.6694,2.04174,1000000,4.71537,3
1_5,1,5,82.3347,64.6694,2.04174,1000000,4.68696,3
1_5,1,5,82.3347,64.6694,2.04174,1000000,4.8161,3
1_5,1,5,82.3347,64.6694,2.04174,1000000,4.73575,3
1_5,1,5,82.3347,64.6694,2.04174,1000000,4.69588,3
1_5,1,5,82.3347,64.6694,2.04174,1000000,4.71516,3
1_5,1,5,82.3347,64.6694,2.04174,1000000,4.73494,3
1_6,1,6,144.559,89.1171,2.69459,1000000,37.942,3
1_6,1,6,144.559,89.1171,2.69459,1000000,37.457,3
1_6,1,6,144.559,89.1171,2.69459,1000000,38.1252,3
1_6,1,6,144.559,89.1171,2.69459,1000000,5.70593,3
1_6,1,6,144.559,89.1171,2.69459,1000000,5.68694,3
1_6,1,6,144.559,89.1171,2.69459,1000000,6.02069,3
1_6,1,6,144.559,89.1171,2.69459,1000000,5.7292,3
1_6,1,6,144.559,89.1171,2.69459,1000000,38.5146,3
1_6,1,6,144.559,89.1171,2.69459,1000000,5.72421,3
1_6,1,6,144.559,89.1171,2.69459,1000000,5.72011,3
1_7,1,7,77.1367,54.2733,1.86517,1000000,5.51901,3
1_7,1,7,77.1367,54.2733,1.86517,1000000,5.57991,3
1_7,1,7,77.1367,54.2733,1.86517,1000000,5.53923,3
1_7,1,7,77.1367,54.2733,1.86517,1000000,5.49633,3
1_7,1,7,77.1367,54.2733,1.86517,1000000,5.50633,3
1_7,1,7,77.1367,54.2733,1.86517,1000000,5.50719,3
1_7,1,7,77.1367,54.2733,1.86517,1000000,5.5405,3
1_7,1,7,77.1367,54.2733,1.86517,1000000,5.48367,3
1_7,1,7,77.1367,54.2733,1.86517,1000000,5.50339,3
1_7,1,7,77.1367,54.2733,1.86517,1000000,5.52407,3
1_8,1,8,149.025,98.0493,3.15123,1000000,5.41183,3
1_8,1,8,149.025,98.0493,3.15123,1000000,43.7819,3
1_8,1,8,149.025,98.0493,3.15123,1000000,5.46603,3
1_8,1,8,149.025,98.0493,3.15123,1000000,5.43177,3
1_8,1,8,149.025,98.0493,3.15123,1000000,43.7426,3
1_8,1,8,149.025,98.0493,3.15123,1000000,5.40213,3
1_8,1,8,149.025,98.0493,3.15123,1000000,44.1654,3
1_8,1,8,149.025,98.0493,3.15123,1000000,5.3632,3
1_8,1,8,149.025,98.0493,3.15123,1000000,44.2228,3
1_8,1,8,149.025,98.0493,3.15123,1000000,5.4285,3
1_9,1,9,138.989,77.9777,2.64944,1000000,5.99875,3
1_9,1,9,137.657,75.3141,2.58285,1000000,6.00074,3
1_9,1,9,137.817,75.6341,2.59085,1000000,51.5976,3
1_9,1,9,137.256,74.5128,2.56282,1000000,51.9562,3
1_9,1,9,141.036,82.0713,2.75178,1000000,51.3093,3
1_9,1,9,137.817,75.6341,2.59085,1000000,5.99703,3
1_9,1,9,137.256,74.5128,2.56282,1000000,51.3292,3
1_9,1,9,137.256,74.5128,2.56282,1000000,51.1296,3
1_9,1,9,137.256,74.5128,2.56282,1000000,5.9317,3
1_9,1,9,137.256,74.5128,2.56282,1000000,5.99516,3
1_10,1,10,148.846,97.6912,3.19228,1000000,62.8028,3
1_10,1,10,147.943,95.8851,3.14713,1000000,63.597,3
1_10,1,10,148.846,97.6912,3.19228,1000000,5.90916,3
1_10,1,10,148.846,97.6912,3.19228,1000000,6.14615,3
1_10,1,10,147.943,95.8851,3.14713,1000000,5.88767,3
1_10,1,10,148.846,97.6912,3.19228,1000000,5.95227,3
1_10,1,10,148.846,97.6912,3.19228,1000000,63.3086,3
1_10,1,10,147.943,95.8851,3.14713,1000000,5.96572,3
1_10,1,10,148.846,97.6912,3.19228,1000000,5.93237,3
1_10,1,10,148.846,97.6912,3.19228,1000000,62.9093,3
1_11,1,11,154.908,109.816,3.5204,1000000,73.7033,3
1_11,1,11,154.908,109.816,3.5204,1000000,6.21101,3
1_11,1,11,154.887,109.775,3.51937,1000000,6.22535,3
1_11,1,11,154.98,109.961,3.52402,1000000,6.18534,3
1_11,1,11,154.98,109.961,3.52402,1000000,72.5631,3
1_11,1,11,154.908,109.816,3.5204,1000000,72.2367,3
1_11,1,11,154.887,109.775,3.51937,1000000,73.2383,3
1_11,1,11,154.908,109.816,3.5204,1000000,72.3314,3
1_11,1,11,154.908,109.816,3.5204,1000000,6.23527,3
1_11,1,11,154.98,109.961,3.52402,1000000,6.2183,3
1_12,1,12,210.815,121.63,4.08242,1000000,8.15996,3
1_12,1,12,212.982,125.963,4.19074,1000000,7.71709,3
1_12,1,12,210.774,121.548,4.08036,1000000,7.7122,3
1_12,1,12,212.244,124.487,4.15385,1000000,7.55822,3
1_12,1,12,212.53,125.06,4.16816,1000000,135.671,3
1_12,1,12,215.993,131.987,4.34134,1000000,7.51012,3
1_12,1,12,215.824,131.648,4.33286,1000000,7.45109,3
1_12,1,12,209.144,118.288,3.99887,1000000,7.7631,3
1_12,1,12,212.656,125.313,4.17448,1000000,135.188,3
1_12,1,12,213.939,127.878,4.23862,1000000,7.98178,3
1_13,1,13,214.969,129.938,4.24011,1000000,131.905,3
1_13,1,13,215.133,130.266,4.24832,1000000,7.83602,3
1_13,1,13,213.057,126.114,4.14452,1000000,7.94463,3
1_13,1,13,213.649,127.298,4.17413,1000000,7.53103,3
1_13,1,13,213.668,127.335,4.17504,1000000,7.82401,3
1_13,1,13,215.01,130.021,4.24218,1000000,132.324,3
1_13,1,13,210.329,120.659,4.00813,1000000,7.63268,3
1_13,1,13,212.166,124.333,4.09999,1000000,131.147,3
1_13,1,13,210.166,120.332,3.99997,1000000,132.639,3
1_13,1,13,212.166,124.333,4.09999,1000000,131.158,3
1_14,1,14,231.426,162.852,5.12963,1000000,8.48064,3
1_14,1,14,230.189,160.378,5.06779,1000000,8.25099,3
1_14,1,14,231.825,163.65,5.14958,1000000,8.21447,3
1_14,1,14,230.556,161.112,5.08613,1000000,8.30404,3
1_14,1,14,229.482,158.965,5.03245,1000000,8.61731,3
1_14,1,14,230.898,161.796,5.10323,1000000,8.58486,3
1_14,1,14,227.681,155.363,4.9424,1000000,8.52258,3
1_14,1,14,230.193,160.386,5.06797,1000000,8.58032,3
1_14,1,14,230.671,161.342,5.09188,1000000,151.486,3
1_14,1,14,228.242,156.485,4.97045,1000000,8.49326,3
1_15,1,15,217.629,135.259,4.37313,1000000,8.7757,3
1_15,1,15,218.263,136.526,4.40481,1000000,9.03805,3
1_15,1,15,217.628,135.255,4.37305,1000000,8.95877,3
1_15,1,15,219.792,139.584,4.48127,1000000,230.339,3
1_15,1,15,215.773,131.546,4.28031,1000000,8.87774,3
1_15,1,15,218.677,137.354,4.4255,1000000,8.58527,3
1_15,1,15,214.901,129.802,4.23671,1000000,8.91194,3
1_15,1,15,220.442,140.884,4.51377,1000000,232.59,3
1_15,1,15,216.822,133.645,4.33279,1000000,8.91871,3
1_15,1,15,215.773,131.546,4.28032,1000000,8.70231,3
1_16,1,16,227.581,155.163,4.98741,1000000,191.676,3
1_16,1,16,219.138,138.277,4.56525,1000000,8.74054,3
1_16,1,16,225.389,150.779,4.8778,1000000,192.531,3
1_16,1,16,221.323,142.646,4.67448,1000000,9.01525,3
1_16,1,16,227.361,154.723,4.9764,1000000,9.33812,3
1_16,1,16,228.38,156.761,5.02735,1000000,192.007,3
1_16,1,16,225.782,151.564,4.89744,1000000,9.00171,3
1_16,1,16,224.256,148.511,4.82112,1000000,8.783,3
1_16,1,16,227.765,155.531,4.9966,1000000,9.00821,3
1_16,1,16,227.66,155.321,4.99136,1000000,9.15349,3
1_17,1,17,307.128,214.256,6.67306,1000000,12.8887,3
1_17,1,17,307.975,215.951,6.71543,1000000,12.7056,3
1_17,1,17,304.13,208.261,6.52319,1000000,12.1997,3
1_17,1,17,306.95,213.9,6.66416,1000000,12.2724,3
1_17,1,17,308.259,216.519,6.72963,1000000,12.921,3
1_17,1,17,304.408,208.816,6.53706,1000000,12.1952,3
1_17,1,17,307.578,215.156,6.69557,1000000,260.793,3
1_17,1,17,304.267,208.534,6.53001,1000000,12.2081,3
1_17,1,17,300.768,201.537,6.35508,1000000,12.0618,3
1_17,1,17,308.14,216.281,6.72369,1000000,252.356,3
1_18,1,18,275.042,150.083,5.06042,1000000,12.8351,3
1_18,1,18,279.712,159.424,5.29393,1000000,304.369,3
1_18,1,18,278.151,156.301,5.21586,1000000,304.485,3
1_18,1,18,279.848,159.696,5.30074,1000000,12.3034,3
1_18,1,18,277.071,154.142,5.1619,1000000,12.6752,3
1_18,1,18,278.161,156.322,5.21638,1000000,12.639,3
1_18,1,18,278.927,157.855,5.2547,1000000,304.199,3
1_18,1,18,279.344,158.689,5.27555,1000000,13.2197,3
1_18,1,18,277.123,154.246,5.16448,1000000,12.9072,3
1_18,1,18,275.635,151.269,5.09007,1000000,336.218,3
1_19,1,19,243.902,187.804,6.12843,1000000,9.74744,3
1_19,1,19,237.03,174.061,5.78485,1000000,9.96763,3
1_19,1,19,238.758,177.516,5.87123,1000000,10.2313,3
1_19,1,19,236.102,172.203,5.73842,1000000,190.837,3
1_19,1,19,242.064,184.128,6.03653,1000000,9.67299,3
1_19,1,19,242.28,184.56,6.04735,1000000,193.173,3
1_19,1,19,236.859,173.718,5.77628,1000000,9.75302,3
1_19,1,19,237.501,175.003,5.80841,1000000,9.75256,3
1_19,1,19,240.743,181.485,5.97047,1000000,9.73104,3
1_19,1,19,242.673,185.346,6.06698,1000000,9.53952,3
1_20,1,20,256.448,212.896,6.81407,1000000,191.677,3
1_20,1,20,266.049,232.098,7.29412,1000000,194.156,3
1_20,1,20,239.041,178.083,5.94373,1000000,10.1299,3
1_20,1,20,237.162,174.323,5.84975,1000000,10.3268,3
1_20,1,20,255.214,210.427,6.75235,1000000,9.7637,3
1_20,1,20,283.657,267.314,8.17451,1000000,9.95885,3
1_20,1,20,271.396,242.791,7.56144,1000000,9.80495,3
1_20,1,20,259.304,218.607,6.95684,1000000,10.1514,3
1_20,1,20,242.479,184.958,6.11562,1000000,10.4269,3
1_20,1,20,261.738,223.476,7.07857,1000000,9.72526,3
2_5,2,5,75.5919,51.1838,1.55459,1000000,5.45732,3
2_5,2,5,75.5919,51.1838,1.55459,1000000,5.31571,3
2_5,2,5,75.5919,51.1838,1.55459,1000000,5.32322,3
2_5,2,5,75.5919,51.1838,1.55459,1000000,5.35103,3
2_5,2,5,75.5919,51.1838,1.55459,1000000,5.35137,3
2_5,2,5,75.5919,51.1838,1.55459,1000000,5.29069,3
2_5,2,5,75.5919,51.1838,1.55459,1000000,5.31766,3
2_5,2,5,75.5919,51.1838,1.55459,1000000,5.52318,3
2_5,2,5,75.5919,51.1838,1.55459,1000000,5.28231,3
2_5,2,5,75.5919,51.1838,1.55459,1000000,5.29087,3
2_6,2,6,68.4019,36.8039,1.3701,1000000,5.76876,3
2_6,2,6,68.4019,36.8039,1.3701,1000000,5.78103,3
2_6,2,6,68.4019,36.8039,1.3701,1000000,5.74038,3
2_6,2,6,68.4019,36.8039,1.3701,1000000,5.77923,3
2_6,2,6,68.4019,36.8039,1.3701,1000000,5.76383,3
2_6,2,6,68.4019,36.8039,1.3701,1000000,5.72688,3
2_6,2,6,68.4019,36.8039,1.3701,1000000,5.7197,3
2_6,2,6,68.4019,36.8039,1.3701,1000000,5.75166,3
2_6,2,6,68.4019,36.8039,1.3701,1000000,5.73947,3
2_6,2,6,68.4019,36.8039,1.3701,1000000,5.75005,3
2_7,2,7,125.542,51.0834,1.71042,1000000,7.24286,3
2_7,2,7,125.04,50.0795,1.68532,1000000,7.14649,3
2_7,2,7,125.542,51.0834,1.71042,1000000,7.1813,3
2_7,2,7,125.542,51.0834,1.71042,1000000,7.12771,3
2_7,2,7,125.542,51.0834,1.71042,1000000,7.19933,3
2_7,2,7,125.542,51.0834,1.71042,1000000,7.15114,3
2_7,2,7,125.542,51.0834,1.71042,1000000,7.16252,3
2_7,2,7,125.542,51.0834,1.71042,1000000,7.13054,3
2_7,2,7,125.542,51.0834,1.71042,1000000,55.4568,3
2_7,2,7,125.542,51.0834,1.71042,1000000,7.11638,3
2_8,2,8,78.4441,56.8882,2.00554,1000000,5.63516,3
2_8,2,8,78.4441,56.8882,2.00554,1000000,5.62585,3
2_8,2,8,78.4441,56.8882,2.00554,1000000,5.5803,3
2_8,2,8,78.4441,56.8882,2.00554,1000000,5.6158,3
2_8,2,8,78.4441,56.8882,2.00554,1000000,5.6266,3
2_8,2,8,78.4441,56.8882,2.00554,1000000,5.63861,3
2_8,2,8,78.4441,56.8882,2.00554,1000000,5.58658,3
2_8,2,8,78.4441,56.8882,2.00554,1000000,5.54263,3
2_8,2,8,78.4441,56.8882,2.00554,1000000,5.62783,3
2_8,2,8,78.4441,56.8882,2.00554,1000000,5.62755,3
2_9,2,9,76.9759,53.9518,1.89879,1000000,6.19735,3
2_9,2,9,76.9759,53.9518,1.89879,1000000,6.21757,3
2_9,2,9,76.9759,53.9518,1.89879,1000000,6.23806,3
2_9,2,9,76.9759,53.9518,1.89879,1000000,6.23001,3
2_9,2,9,76.9759,53.9518,1.89879,1000000,6.23834,3
2_9,2,9,76.9759,53.9518,1.89879,1000000,6.22979,3
2_9,2,9,76.9759,53.9518,1.89879,1000000,6.14526,3
2_9,2,9,76.9759,53.9518,1.89879,1000000,6.33404,3
2_9,2,9,76.9759,53.9518,1.89879,1000000,6.18335,3
2_9,2,9,76.9759,53.9518,1.89879,1000000,6.18232,3
2_10,2,10,89.6784,79.3569,2.60892,1000000,5.41831,3
2_10,2,10,89.4477,78.8954,2.59739,1000000,5.43823,3
2_10,2,10,89.4477,78.8954,2.59739,1000000,5.42382,3
2_10,2,10,89.4477,78.8954,2.59739,1000000,5.38352,3
2_10,2,10,89.0347,78.0695,2.57674,1000000,5.38623,3
2_10,2,10,89.763,79.5259,2.61315,1000000,5.38255,3
2_10,2,10,89.4477,78.8954,2.59739,1000000,5.40595,3
2_10,2,10,89.5146,79.0293,2.60073,1000000,5.40917,3
2_10,2,10,89.5146,79.0293,2.60073,1000000,5.36702,3
2_10,2,10,89.0347,78.0695,2.57674,1000000,5.53211,3
2_11,2,11,89.4277,78.8554,2.64638,1000000,5.48988,3
2_11,2,11,89.4277,78.8554,2.64638,1000000,5.59721,3
2_11,2,11,89.8223,79.6447,2.66612,1000000,5.63183,3
2_11,2,11,89.4277,78.8554,2.64638,1000000,5.79637,3
2_11,2,11,89.4277,78.8554,2.64638,1000000,5.54929,3
2_11,2,11,89.8223,79.6447,2.66612,1000000,5.59245,3
2_11,2,11,89.6673,79.3347,2.65837,1000000,5.5482,3
2_11,2,11,89.4277,78.8554,2.64638,1000000,5.55701,3
2_11,2,11,89.4277,78.8554,2.64638,1000000,5.54497,3
2_11,2,11,89.4277,78.8554,2.64638,1000000,5.56418,3
2_12,2,12,141.385,82.7703,2.91926,1000000,82.9557,3
2_12,2,12,142.198,84.396,2.9599,1000000,82.2135,3
2_12,2,12,140.139,80.2789,2.85697,1000000,6.45422,3
2_12,2,12,139.202,78.4043,2.81011,1000000,6.61883,3
2_12,2,12,139.202,78.4043,2.81011,1000000,6.45627,3
2_12,2,12,140.139,80.2789,2.85697,1000000,6.4736,3
2_12,2,12,139.202,78.4043,2.81011,1000000,82.1863,3
2_12,2,12,141.857,83.7132,2.94283,1000000,83.6615,3
2_12,2,12,140.499,80.9986,2.87496,1000000,6.60997,3
2_12,2,12,142.371,84.7416,2.96854,1000000,83.5972,3
2_13,2,13,145.935,91.8699,3.29675,1000000,56.646,3
2_13,2,13,145.01,90.0208,3.25052,1000000,6.85377,3
2_13,2,13,143.433,86.8665,3.17166,1000000,56.9278,3
2_13,2,13,145.966,91.931,3.29828,1000000,6.72368,3
2_13,2,13,146.289,92.5773,3.31443,1000000,6.70849,3
2_13,2,13,144.391,88.781,3.21953,1000000,56.5889,3
2_13,2,13,147.616,95.233,3.38082,1000000,6.72474,3
2_13,2,13,149.889,99.7782,3.49446,1000000,6.73007,3
2_13,2,13,148.816,97.6314,3.44079,1000000,6.88484,3
2_13,2,13,148.787,97.5742,3.43936,1000000,56.7405,3
2_14,2,14,149.676,99.3515,3.47546,1000000,7.42615,3
2_14,2,14,148.42,96.8408,3.41269,1000000,7.48864,3
2_14,2,14,150.11,100.219,3.49714,1000000,80.183,3
2_14,2,14,148.828,97.6566,3.43308,1000000,81.7968,3
2_14,2,14,150.892,101.784,3.53627,1000000,7.39096,3
2_14,2,14,150.885,101.771,3.53594,1000000,81.5389,3
2_14,2,14,149.574,99.1471,3.47035,1000000,7.4788,3
2_14,2,14,150.904,101.808,3.53687,1000000,81.1571,3
2_14,2,14,149.578,99.1568,3.47059,1000000,81.5045,3
2_14,2,14,146.102,92.2045,3.29678,1000000,93.1982,3
2_15,2,15,143.784,87.5673,3.10585,1000000,7.71938,3
2_15,2,15,144.064,88.1278,3.11986,1000000,100.819,3
2_15,2,15,142.102,84.2048,3.02179,1000000,100.548,3
2_15,2,15,146.022,92.0448,3.21779,1000000,101.02,3
2_15,2,15,145.217,90.4341,3.17752,1000000,7.81665,3
2_15,2,15,144.492,88.9834,3.14125,1000000,7.58367,3
2_15,2,15,145.104,90.2079,3.17186,1000000,7.82141,3
2_15,2,15,146.437,92.8745,3.23853,1000000,99.2764,3
2_15,2,15,144.784,89.5684,3.15588,1000000,7.68092,3
2_15,2,15,146.35,92.7002,3.23417,1000000,7.74324,3
2_16,2,16,148.326,96.6529,3.42465,1000000,7.91683,3
2_16,2,16,152.698,105.395,3.64321,1000000,106.096,3
2_16,2,16,152.607,105.213,3.63867,1000000,8.10724,3
2_16,2,16,146.636,93.2728,3.34015,1000000,7.80024,3
2_16,2,16,154.079,108.159,3.7123,1000000,105.906,3
2_16,2,16,148.776,97.5524,3.44714,1000000,106.912,3
2_16,2,16,151.205,102.411,3.56861,1000000,105.633,3
2_16,2,16,153.66,107.32,3.69133,1000000,7.79091,3
2_16,2,16,150.686,101.373,3.54266,1000000,7.77129,3
2_16,2,16,151.106,102.213,3.56365,1000000,7.83809,3
2_17,2,17,147.787,95.5742,3.53936,1000000,115.077,3
2_17,2,17,150.801,101.602,3.69004,1000000,8.19224,3
2_17,2,17,148.845,97.6903,3.59226,1000000,8.08056,3
2_17,2,17,151.497,102.994,3.72485,1000000,115.865,3
2_17,2,17,147.047,94.0933,3.50233,1000000,8.11154,3
2_17,2,17,148.821,97.6427,3.59107,1000000,8.31144,3
2_17,2,17,148.842,97.6835,3.59209,1000000,115.094,3
2_17,2,17,144.5,89.0008,3.37502,1000000,8.06287,3
2_17,2,17,146.468,92.9357,3.47339,1000000,7.9489,3
2_17,2,17,150.461,100.922,3.67304,1000000,115.709,3
2_18,2,18,162.179,124.358,4.27561,1000000,8.57142,3
2_18,2,18,163.64,127.281,4.34869,1000000,8.68016,3
2_18,2,18,162.442,124.883,4.28875,1000000,8.39002,3
2_18,2,18,160.881,121.762,4.21071,1000000,8.59892,3
2_18,2,18,161.547,123.093,4.244,1000000,102.293,3
2_18,2,18,164.607,129.213,4.397,1000000,101.361,3
2_18,2,18,164.555,129.11,4.39441,1000000,101.878,3
2_18,2,18,161.822,123.645,4.25778,1000000,101.275,3
2_18,2,18,158.965,117.93,4.11491,1000000,101.56,3
2_18,2,18,162.589,125.178,4.2961,1000000,8.35201,3
2_19,2,19,275.835,151.671,5.0751,1000000,13.144,3
2_19,2,19,278.877,157.753,5.22716,1000000,12.7986,3
2_19,2,19,277.806,155.613,5.17365,1000000,13.6691,3
2_19,2,19,277.079,154.158,5.13728,1000000,13.7432,3
2_19,2,19,277.116,154.233,5.13916,1000000,352.886,3
2_19,2,19,277.017,154.034,5.13418,1000000,351.415,3
2_19,2,19,274.196,148.392,4.99312,1000000,13.0412,3
2_19,2,19,277.205,154.409,5.14356,1000000,353.928,3
2_19,2,19,274.59,149.18,5.01282,1000000,13.5653,3
2_19,2,19,278.192,156.383,5.19292,1000000,13.6447,3
2_20,2,20,170.342,140.684,4.70876,1000000,115.692,3
2_20,2,20,171.225,142.45,4.75293,1000000,116.739,3
2_20,2,20,172.697,145.395,4.82654,1000000,9.93595,3
2_20,2,20,167.403,134.806,4.56182,1000000,9.12434,3
2_20,2,20,172.808,145.617,4.83209,1000000,116.907,3
2_20,2,20,173.255,146.51,4.85442,1000000,115.643,3
2_20,2,20,171.941,143.882,4.78871,1000000,115.168,3
2_20,2,20,171.281,142.562,4.7557,1000000,8.89907,3
2_20,2,20,172.134,144.267,4.79834,1000000,9.06603,3
2_20,2,20,172.478,144.956,4.81556,1000000,115.436,3
3_5,3,5,70.7504,41.5007,1.42918,1000000,5.3516,3
3_5,3,5,70.7504,41.5007,1.42918,1000000,5.3681,3
3_5,3,5,70.7504,41.5007,1.42918,1000000,5.32113,3
3_5,3,5,70.7504,41.5007,1.42918,1000000,5.36479,3
3_5,3,5,70.7504,41.5007,1.42918,1000000,5.29987,3
3_5,3,5,70.7504,41.5007,1.42918,1000000,5.37339,3
3_5,3,5,70.7504,41.5007,1.42918,1000000,5.32882,3
3_5,3,5,70.7504,41.5007,1.42918,1000000,5.42012,3
3_5,3,5,70.7504,41.5007,1.42918,1000000,5.48326,3
3_5,3,5,70.7504,41.5007,1.42918,1000000,5.31188,3
3_6,3,6,131.693,63.3858,1.98465,1000000,30.01,3
3_6,3,6,131.693,63.3858,1.98465,1000000,6.58632,3
3_6,3,6,131.693,63.3858,1.98465,1000000,6.50327,3
3_6,3,6,131.693,63.3858,1.98465,1000000,6.53752,3
3_6,3,6,131.693,63.3858,1.98465,1000000,30.1592,3
3_6,3,6,131.693,63.3858,1.98465,1000000,29.95,3
3_6,3,6,131.693,63.3858,1.98465,1000000,6.5068,3
3_6,3,6,131.693,63.3858,1.98465,1000000,30.0929,3
3_6,3,6,131.693,63.3858,1.98465,1000000,29.9258,3
3_6,3,6,131.693,63.3858,1.98465,1000000,6.48425,3
3_7,3,7,75.158,50.3161,1.59957,1000000,6.3237,3
3_7,3,7,75.158,50.3161,1.59957,1000000,6.34605,3
3_7,3,7,75.158,50.3161,1.59957,1000000,6.38013,3
3_7,3,7,75.158,50.3161,1.59957,1000000,6.36582,3
3_7,3,7,75.158,50.3161,1.59957,1000000,6.39137,3
3_7,3,7,75.158,50.3161,1.59957,1000000,6.28681,3
3_7,3,7,75.158,50.3161,1.59957,1000000,6.46149,3
3_7,3,7,75.158,50.3161,1.59957,1000000,6.4058,3
3_7,3,7,75.158,50.3161,1.59957,1000000,6.3086,3
3_7,3,7,75.158,50.3161,1.59957,1000000,6.29534,3
3_8,3,8,127.795,55.5907,1.93977,1000000,7.64809,3
3_8,3,8,127.795,55.5907,1.93977,1000000,7.59354,3
3_8,3,8,127.795,55.5907,1.93977,1000000,7.59954,3
3_8,3,8,127.795,55.5907,1.93977,1000000,7.60931,3
3_8,3,8,127.795,55.5907,1.93977,1000000,7.62936,3
3_8,3,8,127.795,55.5907,1.93977,1000000,7.58945,3
3_8,3,8,127.795,55.5907,1.93977,1000000,7.57276,3
3_8,3,8,127.795,55.5907,1.93977,1000000,67.0343,3
3_8,3,8,127.795,55.5907,1.93977,1000000,7.64317,3
3_8,3,8,127.795,55.5907,1.93977,1000000,65.733,3
3_9,3,9,127.302,54.6032,1.98175,1000000,7.15238,3
3_9,3,9,127.302,54.6032,1.98175,1000000,6.95805,3
3_9,3,9,127.302,54.6032,1.98175,1000000,7.2582,3
3_9,3,9,127.302,54.6032,1.98175,1000000,6.93171,3
3_9,3,9,127.302,54.6032,1.98175,1000000,7.04976,3
3_9,3,9,127.302,54.6032,1.98175,1000000,100.035,3
3_9,3,9,127.302,54.6032,1.98175,1000000,7.00956,3
3_9,3,9,127.302,54.6032,1.98175,1000000,99.9678,3
3_9,3,9,127.302,54.6032,1.98175,1000000,6.98879,3
3_9,3,9,127.302,54.6032,1.98175,1000000,99.9855,3
3_10,3,10,139.757,79.5137,2.62118,1000000,6.30393,3
3_10,3,10,140.002,80.0048,2.63345,1000000,6.3184,3
3_10,3,10,139.567,79.1349,2.6117,1000000,58.6751,3
3_10,3,10,139.857,79.7148,2.6262,1000000,6.32806,3
3_10,3,10,139.757,79.5137,2.62118,1000000,6.28047,3
3_10,3,10,139.872,79.7433,2.62692,1000000,58.6972,3
3_10,3,10,139.757,79.5137,2.62118,1000000,58.5121,3
3_10,3,10,139.872,79.7433,2.62692,1000000,59.1982,3
3_10,3,10,139.872,79.7433,2.62692,1000000,6.19458,3
3_10,3,10,139.567,79.1349,2.6117,1000000,6.53511,3
3_11,3,11,131.419,62.8385,2.34596,1000000,6.49685,3
3_11,3,11,129.638,59.2762,2.2569,1000000,6.42458,3
3_11,3,11,128.45,56.9006,2.19751,1000000,6.35569,3
3_11,3,11,128.544,57.0873,2.20218,1000000,6.63631,3
3_11,3,11,129.501,59.0022,2.25006,1000000,103.491,3
3_11,3,11,128.45,56.9006,2.19751,1000000,103.504,3
3_11,3,11,130.904,61.8076,2.32019,1000000,104.699,3
3_11,3,11,129.241,58.4825,2.23706,1000000,6.36534,3
3_11,3,11,129.638,59.2762,2.2569,1000000,6.43946,3
3_11,3,11,130.409,60.8178,2.29544,1000000,6.38742,3
3_12,3,12,140.898,81.7951,2.76154,1000000,6.39852,3
3_12,3,12,141.783,83.566,2.80582,1000000,6.54802,3
3_12,3,12,141.736,83.4719,2.80347,1000000,72.3105,3
3_12,3,12,141.52,83.0402,2.79267,1000000,6.51709,3
3_12,3,12,141.739,83.4777,2.80361,1000000,6.53168,3
3_12,3,12,141.219,82.4389,2.77764,1000000,6.49648,3
3_12,3,12,140.679,81.3585,2.75063,1000000,6.51089,3
3_12,3,12,140.56,81.1198,2.74466,1000000,6.47218,3
3_12,3,12,141.783,83.566,2.80582,1000000,6.46701,3
3_12,3,12,141.514,83.0276,2.79236,1000000,6.68656,3
3_13,3,13,134.267,68.5333,2.57167,1000000,97.4526,3
3_13,3,13,132.673,65.3452,2.49196,1000000,6.79229,3
3_13,3,13,134.295,68.5893,2.57307,1000000,98.0495,3
3_13,3,13,133.412,66.8234,2.52892,1000000,97.385,3
3_13,3,13,134.296,68.5918,2.57313,1000000,6.95721,3
3_13,3,13,134.301,68.6014,2.57337,1000000,6.93544,3
3_13,3,13,132.535,65.0707,2.4851,1000000,6.83841,3
3_13,3,13,134.378,68.7566,2.57725,1000000,97.052,3
3_13,3,13,132.731,65.4614,2.49487,1000000,98.5366,3
3_13,3,13,133.689,67.3784,2.54279,1000000,6.97699,3
3_14,3,14,139.758,79.5162,2.72124,1000000,7.42285,3
3_14,3,14,143.753,87.5056,2.92097,1000000,7.41874,3
3_14,3,14,142.168,84.3361,2.84174,1000000,7.52486,3
3_14,3,14,141.973,83.9459,2.83198,1000000,7.29469,3
3_14,3,14,139.758,79.5162,2.72124,1000000,7.3378,3
3_14,3,14,139.758,79.5162,2.72124,1000000,7.55359,3
3_14,3,14,142.072,84.1447,2.83695,1000000,7.46275,3
3_14,3,14,139.758,79.5162,2.72124,1000000,176.373,3
3_14,3,14,141.208,82.4165,2.79374,1000000,176.522,3
3_14,3,14,142.168,84.3361,2.84174,1000000,7.47272,3
3_15,3,15,203.027,106.053,3.75133,1000000,8.98151,3
3_15,3,15,205.079,110.159,3.85397,1000000,180.621,3
3_15,3,15,201.434,102.868,3.67171,1000000,180.99,3
3_15,3,15,203.16,106.32,3.758,1000000,9.03717,3
3_15,3,15,200.617,101.234,3.63086,1000000,8.88102,3
3_15,3,15,202.044,104.087,3.70218,1000000,9.03344,3
3_15,3,15,202.045,104.089,3.70224,1000000,9.11064,3
3_15,3,15,204.966,109.931,3.84829,1000000,180.796,3
3_15,3,15,200.452,100.904,3.62259,1000000,8.75284,3
3_15,3,15,200.793,101.587,3.63967,1000000,180.133,3
3_16,3,16,153.923,107.846,3.75447,1000000,94.3097,3
3_16,3,16,152.015,104.03,3.65908,1000000,7.90012,3
3_16,3,16,154.891,109.782,3.80289,1000000,94.9701,3
3_16,3,16,151.458,102.916,3.63125,1000000,7.92676,3
3_16,3,16,154.873,109.747,3.80201,1000000,94.3023,3
3_16,3,16,154.329,108.658,3.77479,1000000,94.2865,3
3_16,3,16,154.427,108.854,3.77968,1000000,7.96703,3
3_16,3,16,154.99,109.98,3.80784,1000000,93.9852,3
3_16,3,16,152.98,105.961,3.70735,1000000,94.3992,3
3_16,3,16,152.43,104.86,3.67983,1000000,94.6921,3
3_17,3,17,212.829,125.658,4.27478,1000000,9.57702,3
3_17,3,17,208.962,117.924,4.08144,1000000,9.72718,3
3_17,3,17,207.576,115.152,4.01214,1000000,9.5454,3
3_17,3,17,212.582,125.164,4.26244,1000000,9.2724,3
3_17,3,17,210.916,121.832,4.17914,1000000,277.344,3
3_17,3,17,209.128,118.257,4.08976,1000000,9.14085,3
3_17,3,17,209.492,118.984,4.10793,1000000,9.61677,3
3_17,3,17,205.87,111.741,3.92685,1000000,9.56172,3
3_17,3,17,211.504,123.008,4.20854,1000000,9.46893,3
3_17,3,17,210.367,120.735,4.15171,1000000,279.819,3
3_18,3,18,208.601,117.202,4.07173,1000000,278.82,3
3_18,3,18,212.186,124.372,4.25097,1000000,277.075,3
3_18,3,18,211.819,123.638,4.23262,1000000,277.919,3
3_18,3,18,202.422,104.843,3.76275,1000000,9.90624,3
3_18,3,18,211.53,123.059,4.21815,1000000,10.0404,3
3_18,3,18,203.164,106.328,3.79987,1000000,10.2257,3
3_18,3,18,209.523,119.046,4.11781,1000000,9.58034,3
3_18,3,18,209.191,118.382,4.10121,1000000,9.84567,3
3_18,3,18,209.357,118.715,4.10954,1000000,277.386,3
3_18,3,18,209.793,119.587,4.13134,1000000,275.749,3
3_19,3,19,210.167,120.333,4.28333,1000000,10.8474,3
3_19,3,19,209.338,118.675,4.24188,1000000,10.1007,3
3_19,3,19,205.729,111.457,4.06143,1000000,9.80494,3
3_19,3,19,209.235,118.469,4.23673,1000000,10.2976,3
3_19,3,19,206.377,112.754,4.09385,1000000,9.783,3
3_19,3,19,209.792,119.584,4.2646,1000000,10.1031,3
3_19,3,19,204.139,108.279,3.98197,1000000,389.047,3
3_19,3,19,209.661,119.323,4.25807,1000000,10.3098,3
3_19,3,19,207.63,115.26,4.15649,1000000,387.776,3
3_19,3,19,208.119,116.238,4.18096,1000000,10.3623,3
3_20,3,20,217.158,134.317,4.43292,1000000,10.6271,3
3_20,3,20,216.456,132.911,4.39778,1000000,10.8979,3
3_20,3,20,217.953,135.905,4.47263,1000000,10.0768,3
3_20,3,20,217.225,134.451,4.43627,1000000,10.2927,3
3_20,3,20,215.911,131.822,4.37056,1000000,10.2635,3
3_20,3,20,214.357,128.715,4.29287,1000000,10.492,3
3_20,3,20,209.748,119.497,4.06242,1000000,9.96593,3
3_20,3,20,216.693,133.387,4.40967,1000000,353.411,3
3_20,3,20,215.76,131.52,4.36299,1000000,10.4271,3
3_20,3,20,217.33,134.661,4.44152,1000000,9.96785,3
4_5,4,5,67.3024,34.6048,1.19012,1000000,5.32408,3
4_5,4,5,67.3024,34.6048,1.19012,1000000,5.2998,3
4_5,4,5,67.3024,34.6048,1.19012,1000000,5.29626,3
4_5,4,5,67.3024,34.6048,1.19012,1000000,5.31159,3
4_5,4,5,67.3024,34.6048,1.19012,1000000,5.31863,3
4_5,4,5,67.3024,34.6048,1.19012,1000000,5.32466,3
4_5,4,5,67.3024,34.6048,1.19012,1000000,5.28163,3
4_5,4,5,67.3024,34.6048,1.19012,1000000,5.27343,3
4_5,4,5,67.3024,34.6048,1.19012,1000000,5.32442,3
4_5,4,5,67.3024,34.6048,1.19012,1000000,5.37427,3
4_6,4,6,78.0244,56.0488,1.75122,1000000,5.76068,3
4_6,4,6,78.0244,56.0488,1.75122,1000000,5.81054,3
4_6,4,6,78.0244,56.0488,1.75122,1000000,5.82413,3
4_6,4,6,78.0244,56.0488,1.75122,1000000,5.98933,3
4_6,4,6,78.0244,56.0488,1.75122,1000000,5.74247,3
4_6,4,6,78.0244,56.0488,1.75122,1000000,5.85036,3
4_6,4,6,78.0244,56.0488,1.75122,1000000,6.07421,3
4_6,4,6,78.0244,56.0488,1.75122,1000000,5.86202,3
4_6,4,6,78.0244,56.0488,1.75122,1000000,5.77139,3
4_6,4,6,78.0244,56.0488,1.75122,1000000,5.76399,3
4_7,4,7,78.1791,56.3583,1.86729,1000000,5.51626,3
4_7,4,7,78.1791,56.3583,1.86729,1000000,5.65312,3
4_7,4,7,78.1791,56.3583,1.86729,1000000,5.57379,3
4_7,4,7,78.1791,56.3583,1.86729,1000000,5.65135,3
4_7,4,7,78.1791,56.3583,1.86729,1000000,5.60419,3
4_7,4,7,78.1791,56.3583,1.86729,1000000,5.71058,3
4_7,4,7,78.1791,56.3583,1.86729,1000000,5.60034,3
4_7,4,7,78.1791,56.3583,1.86729,1000000,5.6286,3
4_7,4,7,78.1791,56.3583,1.86729,1000000,5.59668,3
4_7,4,7,78.1791,56.3583,1.86729,1000000,5.65087,3
4_8,4,8,69.6393,39.2787,1.5403,1000000,6.75548,3
4_8,4,8,69.6393,39.2787,1.5403,1000000,6.71757,3
4_8,4,8,69.6393,39.2787,1.5403,1000000,6.65984,3
4_8,4,8,69.6393,39.2787,1.5403,1000000,6.90921,3
4_8,4,8,69.6393,39.2787,1.5403,1000000,6.71694,3
4_8,4,8,69.6393,39.2787,1.5403,1000000,6.73752,3
4_8,4,8,69.6393,39.2787,1.5403,1000000,6.6911,3
4_8,4,8,69.6393,39.2787,1.5403,1000000,6.88884,3
4_8,4,8,69.6393,39.2787,1.5403,1000000,6.72139,3
4_8,4,8,69.6393,39.2787,1.5403,1000000,6.78425,3
4_9,4,9,133.777,67.5543,2.26386,1000000,6.33866,3
4_9,4,9,133.777,67.5543,2.26386,1000000,6.40391,3
4_9,4,9,133.777,67.5543,2.26386,1000000,6.24247,3
4_9,4,9,133.777,67.5543,2.26386,1000000,6.29625,3
4_9,4,9,133.777,67.5543,2.26386,1000000,78.1944,3
4_9,4,9,133.777,67.5543,2.26386,1000000,6.15768,3
4_9,4,9,133.777,67.5543,2.26386,1000000,6.20672,3
4_9,4,9,133.777,67.5543,2.26386,1000000,6.16068,3
4_9,4,9,133.777,67.5543,2.26386,1000000,6.15077,3
4_9,4,9,133.777,67.5543,2.26386,1000000,76.6552,3
4_10,4,10,135.402,70.8039,2.33677,1000000,6.21792,3
4_10,4,10,135.402,70.8039,2.33677,1000000,6.24746,3
4_10,4,10,136.192,72.3844,2.37628,1000000,83.6146,3
4_10,4,10,135.402,70.8039,2.33677,1000000,6.3148,3
4_10,4,10,135.402,70.8039,2.33677,1000000,6.27775,3
4_10,4,10,136.192,72.3844,2.37628,1000000,6.25618,3
4_10,4,10,136.192,72.3844,2.37628,1000000,84.5544,3
4_10,4,10,136.192,72.3844,2.37628,1000000,84.0474,3
4_10,4,10,136.192,72.3844,2.37628,1000000,84.4331,3
4_10,4,10,135.402,70.8039,2.33677,1000000,84.1021,3
4_11,4,11,132.032,64.0635,2.32659,1000000,69.2215,3
4_11,4,11,131.384,62.7671,2.29418,1000000,70.2081,3
4_11,4,11,131.496,62.9912,2.29978,1000000,70.2095,3
4_11,4,11,131.397,62.7939,2.29485,1000000,6.8901,3
4_11,4,11,131.496,62.9912,2.29978,1000000,6.93708,3
4_11,4,11,131.443,62.886,2.29715,1000000,6.90638,3
4_11,4,11,131.496,62.9912,2.29978,1000000,6.90641,3
4_11,4,11,132.22,64.439,2.33598,1000000,70.1549,3
4_11,4,11,131.397,62.7939,2.29485,1000000,6.89422,3
4_11,4,11,132.22,64.439,2.33598,1000000,69.8484,3
4_12,4,12,135.074,70.1485,2.60371,1000000,6.49323,3
4_12,4,12,132.337,64.6747,2.46687,1000000,83.5763,3
4_12,4,12,133.805,67.6108,2.54027,1000000,83.7868,3
4_12,4,12,137.598,75.1955,2.72989,1000000,6.93395,3
4_12,4,12,133.956,67.9116,2.54779,1000000,83.7231,3
4_12,4,12,135.515,71.0309,2.62577,1000000,84.7577,3
4_12,4,12,134.249,68.4979,2.56245,1000000,6.49084,3
4_12,4,12,134.967,69.9344,2.59836,1000000,6.53441,3
4_12,4,12,135.515,71.0309,2.62577,1000000,6.57038,3
4_12,4,12,132.337,64.6747,2.46687,1000000,84.739,3
4_13,4,13,144.239,88.4788,3.1203,1000000,85.9298,3
4_13,4,13,144.345,88.6905,3.1256,1000000,91.1266,3
4_13,4,13,141.833,83.6661,2.99999,1000000,6.79462,3
4_13,4,13,142.494,84.9875,3.03302,1000000,6.83676,3
4_13,4,13,142.021,84.0425,3.0094,1000000,6.73081,3
4_13,4,13,144.117,88.2345,3.1142,1000000,6.83258,3
4_13,4,13,139.669,79.3375,2.89177,1000000,86.6708,3
4_13,4,13,137.938,75.8765,2.80525,1000000,85.489,3
4_13,4,13,141.806,83.6121,2.99864,1000000,85.8364,3
4_13,4,13,143.246,86.4929,3.07065,1000000,6.71094,3
4_14,4,14,198.063,96.1268,3.4365,1000000,169.387,3
4_14,4,14,198.604,97.2077,3.46352,1000000,173.129,3
4_14,4,14,200.125,100.25,3.53958,1000000,8.54276,3
4_14,4,14,198.121,96.2414,3.43937,1000000,170.314,3
4_14,4,14,200.84,101.68,3.57533,1000000,8.53472,3
4_14,4,14,194.969,89.9371,3.28176,1000000,8.96636,3
4_14,4,14,200.351,100.702,3.55089,1000000,8.76187,3
4_14,4,14,200.077,100.154,3.53719,1000000,8.46781,3
4_14,4,14,199.805,99.6103,3.52359,1000000,8.6668,3
4_14,4,14,197.084,94.168,3.38753,1000000,8.4604,3
4_15,4,15,143.6,87.2002,3.12167,1000000,135.895,3
4_15,4,15,142.982,85.965,3.09079,1000000,7.66682,3
4_15,4,15,141.296,82.5913,3.00645,1000000,7.71287,3
4_15,4,15,142.892,85.784,3.08627,1000000,7.99917,3
4_15,4,15,143.628,87.2554,3.12305,1000000,7.5586,3
4_15,4,15,141.758,83.5169,3.02959,1000000,7.73656,3
4_15,4,15,142.397,84.7932,3.0615,1000000,141.311,3
4_15,4,15,142.736,85.4724,3.07848,1000000,7.80413,3
4_15,4,15,143.051,86.1018,3.09421,1000000,136.221,3
4_15,4,15,141.758,83.5169,3.02959,1000000,7.84821,3
4_16,4,16,147.864,95.7283,3.50154,1000000,100.259,3
4_16,4,16,145.867,91.7343,3.40169,1000000,8.01041,3
4_16,4,16,147.462,94.9245,3.48145,1000000,89.447,3
4_16,4,16,146.796,93.5912,3.44811,1000000,88.7645,3
4_16,4,16,145.104,90.2075,3.36352,1000000,90.1968,3
4_16,4,16,145.428,90.8562,3.37974,1000000,90.7888,3
4_16,4,16,144.857,89.7149,3.35121,1000000,89.5112,3
4_16,4,16,147.448,94.896,3.48073,1000000,7.99756,3
4_16,4,16,145.419,90.8384,3.37929,1000000,8.02603,3
4_16,4,16,146.679,93.3584,3.44229,1000000,89.7843,3
4_17,4,17,146.471,92.9425,3.31523,1000000,120.786,3
4_17,4,17,144.566,89.1326,3.21998,1000000,8.26573,3
4_17,4,17,147.024,94.0472,3.34285,1000000,8.65171,3
4_17,4,17,145.864,91.7282,3.28487,1000000,8.26673,3
4_17,4,17,146.821,93.6428,3.33274,1000000,8.11754,3
4_17,4,17,146.244,92.4881,3.30387,1000000,8.22402,3
4_17,4,17,146.383,92.7667,3.31083,1000000,8.02066,3
4_17,4,17,146.791,93.582,3.33122,1000000,8.08044,3
4_17,4,17,146.169,92.3381,3.30012,1000000,7.86387,3
4_17,4,17,147.848,95.697,3.38409,1000000,8.04632,3
4_18,4,18,152.192,104.383,3.61791,1000000,8.31764,3
4_18,4,18,151.185,102.37,3.56758,1000000,8.34407,3
4_18,4,18,153.662,107.324,3.69144,1000000,8.43255,3
4_18,4,18,149.354,98.7075,3.47602,1000000,8.24231,3
4_18,4,18,152.112,104.223,3.61391,1000000,136.212,3
4_18,4,18,154.359,108.718,3.72629,1000000,8.28462,3
4_18,4,18,152.374,104.748,3.62703,1000000,137.561,3
4_18,4,18,153.974,107.949,3.70705,1000000,137.247,3
4_18,4,18,154.778,109.555,3.74722,1000000,135.855,3
4_18,4,18,151.267,102.534,3.57167,1000000,8.42741,3
4_19,4,19,164.001,128.002,4.45006,1000000,8.74096,3
4_19,4,19,158.301,116.602,4.16505,1000000,103.009,3
4_19,4,19,162.41,124.82,4.37051,1000000,8.55836,3
4_19,4,19,162.981,125.961,4.39903,1000000,8.43052,3
4_19,4,19,164.102,128.204,4.4551,1000000,8.53881,3
4_19,4,19,160.559,121.118,4.27795,1000000,8.54895,3
4_19,4,19,159.535,119.07,4.22674,1000000,8.52202,3
4_19,4,19,156.429,112.858,4.07146,1000000,8.46452,3
4_19,4,19,163.683,127.365,4.43413,1000000,116.214,3
4_19,4,19,162.917,125.834,4.39585,1000000,8.47584,3
4_20,4,20,168.838,137.675,4.72522,1000000,8.81555,3
4_20,4,20,165.326,130.652,4.54964,1000000,108.725,3
4_20,4,20,165.031,130.062,4.53489,1000000,8.78255,3
4_20,4,20,167.923,135.847,4.6795,1000000,109.369,3
4_20,4,20,165.671,131.343,4.5669,1000000,8.76531,3
4_20,4,20,167.55,135.101,4.66086,1000000,8.78061,3
4_20,4,20,165.652,131.303,4.56591,1000000,8.94343,3
4_20,4,20,166.878,133.755,4.62722,1000000,8.88044,3
4_20,4,20,169.793,139.587,4.773,1000000,110.703,3
4_20,4,20,166.949,133.898,4.63078,1000000,8.74803,3
