Instance,m,n,Objective,Distance,Time,TotalIteration,ElapsedTime,AlgFlag
2_5,2,5,75.5919,51.1838,1.55459,20000,2.38025,1
2_5,2,5,75.5919,51.1838,1.55459,20000,2.36346,1
2_5,2,5,75.5919,51.1838,1.55459,20000,2.34484,1
2_5,2,5,75.5919,51.1838,1.55459,20000,2.34622,1
2_5,2,5,75.5919,51.1838,1.55459,20000,2.33661,1
2_5,2,5,75.5919,51.1838,1.55459,20000,2.45619,1
2_5,2,5,75.5919,51.1838,1.55459,20000,2.35045,1
2_5,2,5,75.5919,51.1838,1.55459,20000,2.45247,1
2_5,2,5,75.5919,51.1838,1.55459,20000,2.54078,1
2_5,2,5,75.5919,51.1838,1.55459,20000,2.46693,1
2_6,2,6,68.4019,36.8039,1.3701,20000,2.65802,1
2_6,2,6,68.4019,36.8039,1.3701,20000,2.63204,1
2_6,2,6,68.4019,36.8039,1.3701,20000,2.60159,1
2_6,2,6,68.4019,36.8039,1.3701,20000,2.61201,1
2_6,2,6,68.4019,36.8039,1.3701,20000,2.56695,1
2_6,2,6,68.4019,36.8039,1.3701,20000,2.55462,1
2_6,2,6,68.4019,36.8039,1.3701,20000,2.56318,1
2_6,2,6,68.4019,36.8039,1.3701,20000,2.60392,1
2_6,2,6,68.4019,36.8039,1.3701,20000,2.58097,1
2_6,2,6,68.4019,36.8039,1.3701,20000,2.60754,1
2_7,2,7,125.542,51.0834,1.71042,20000,3.98263,1
2_7,2,7,125.542,51.0834,1.71042,20000,4.02515,1
2_7,2,7,125.542,51.0834,1.71042,20000,3.99177,1
2_7,2,7,125.542,51.0834,1.71042,20000,3.96965,1
2_7,2,7,125.542,51.0834,1.71042,20000,3.96754,1
2_7,2,7,125.542,51.0834,1.71042,20000,4.0776,1
2_7,2,7,125.542,51.0834,1.71042,20000,4.47604,1
2_7,2,7,125.542,51.0834,1.71042,20000,3.9766,1
2_7,2,7,125.542,51.0834,1.71042,20000,4.16425,1
2_7,2,7,125.542,51.0834,1.71042,20000,3.95118,1
2_8,2,8,78.4441,56.8882,2.00554,20000,3.12334,1
2_8,2,8,78.4441,56.8882,2.00554,20000,3.1023,1
2_8,2,8,78.4441,56.8882,2.00554,20000,3.11062,1
2_8,2,8,78.4441,56.8882,2.00554,20000,3.06705,1
2_8,2,8,78.4441,56.8882,2.00554,20000,3.04939,1
2_8,2,8,78.4441,56.8882,2.00554,20000,3.0887,1
2_8,2,8,78.4441,56.8882,2.00554,20000,3.06329,1
2_8,2,8,78.4441,56.8882,2.00554,20000,3.09466,1
2_8,2,8,78.4441,56.8882,2.00554,20000,3.06597,1
2_8,2,8,78.4441,56.8882,2.00554,20000,3.08941,1
2_9,2,9,76.9759,53.9518,1.89879,20000,3.39443,1
2_9,2,9,76.9759,53.9518,1.89879,20000,3.33657,1
2_9,2,9,76.9759,53.9518,1.89879,20000,3.34213,1
2_9,2,9,76.9759,53.9518,1.89879,20000,3.37527,1
2_9,2,9,76.9759,53.9518,1.89879,20000,3.38294,1
2_9,2,9,76.9759,53.9518,1.89879,20000,3.3652,1
2_9,2,9,76.9759,53.9518,1.89879,20000,3.35818,1
2_9,2,9,76.9759,53.9518,1.89879,20000,3.35171,1
2_9,2,9,76.9759,53.9518,1.89879,20000,3.34131,1
2_9,2,9,76.9759,53.9518,1.89879,20000,3.38735,1
2_10,2,10,89.0347,78.0695,2.57674,20000,3.42426,1
2_10,2,10,89.0347,78.0695,2.57674,20000,3.47148,1
2_10,2,10,89.0347,78.0695,2.57674,20000,3.43566,1
2_10,2,10,89.0347,78.0695,2.57674,20000,3.47679,1
2_10,2,10,89.0347,78.0695,2.57674,20000,3.4375,1
2_10,2,10,89.0347,78.0695,2.57674,20000,3.52996,1
2_10,2,10,89.0347,78.0695,2.57674,20000,3.50067,1
2_10,2,10,89.0347,78.0695,2.57674,20000,3.81003,1
2_10,2,10,89.0347,78.0695,2.57674,20000,3.54979,1
2_10,2,10,89.0347,78.0695,2.57674,20000,3.45385,1
2_11,2,11,89.4277,78.8554,2.64638,20000,3.62754,1
2_11,2,11,89.4277,78.8554,2.64638,20000,3.61267,1
2_11,2,11,89.4277,78.8554,2.64638,20000,3.65013,1
2_11,2,11,89.4277,78.8554,2.64638,20000,3.65308,1
2_11,2,11,89.4277,78.8554,2.64638,20000,3.61481,1
2_11,2,11,89.4277,78.8554,2.64638,20000,3.64089,1
2_11,2,11,89.4277,78.8554,2.64638,20000,3.64671,1
2_11,2,11,89.4277,78.8554,2.64638,20000,3.65267,1
2_11,2,11,89.4277,78.8554,2.64638,20000,3.63958,1
2_11,2,11,89.4277,78.8554,2.64638,20000,3.64568,1
2_12,2,12,139.202,78.4043,2.81011,20000,6.49923,1
2_12,2,12,139.202,78.4043,2.81011,20000,6.52807,1
2_12,2,12,139.202,78.4043,2.81011,20000,6.3954,1
2_12,2,12,139.202,78.4043,2.81011,20000,6.474,1
2_12,2,12,139.202,78.4043,2.81011,20000,6.52229,1
2_12,2,12,139.202,78.4043,2.81011,20000,6.48463,1
2_12,2,12,139.202,78.4043,2.81011,20000,6.41381,1
2_12,2,12,139.202,78.4043,2.81011,20000,6.482,1
2_12,2,12,139.202,78.4043,2.81011,20000,6.45144,1
2_12,2,12,139.202,78.4043,2.81011,20000,6.80451,1
2_13,2,13,143.622,87.2442,3.1811,20000,6.78733,1
2_13,2,13,143.433,86.8665,3.17166,20000,6.79809,1
2_13,2,13,143.788,87.5763,3.18941,20000,6.75055,1
2_13,2,13,143.788,87.5763,3.18941,20000,6.79574,1
2_13,2,13,143.788,87.5763,3.18941,20000,6.82402,1
2_13,2,13,143.788,87.5763,3.18941,20000,6.78191,1
2_13,2,13,143.788,87.5763,3.18941,20000,6.82107,1
2_13,2,13,143.788,87.5763,3.18941,20000,6.85177,1
2_13,2,13,143.433,86.8665,3.17166,20000,6.78483,1
2_13,2,13,141.528,83.0556,3.07639,20000,6.7325,1
2_14,2,14,143.885,87.7693,3.1859,20000,7.07445,1
2_14,2,14,143.885,87.7693,3.1859,20000,7.73177,1
2_14,2,14,143.885,87.7693,3.1859,20000,7.14997,1
2_14,2,14,143.885,87.7693,3.1859,20000,7.26418,1
2_14,2,14,143.885,87.7693,3.1859,20000,7.20074,1
2_14,2,14,143.885,87.7693,3.1859,20000,7.20181,1
2_14,2,14,143.885,87.7693,3.1859,20000,7.23627,1
2_14,2,14,143.885,87.7693,3.1859,20000,7.24127,1
2_14,2,14,143.885,87.7693,3.1859,20000,7.13586,1
2_14,2,14,143.885,87.7693,3.1859,20000,7.19953,1
2_15,2,15,140.127,80.2533,2.923,20000,7.71864,1
2_15,2,15,140.127,80.2533,2.923,20000,7.8163,1
2_15,2,15,140.127,80.2533,2.923,20000,7.75587,1
2_15,2,15,140.127,80.2533,2.923,20000,7.68258,1
2_15,2,15,140.127,80.2533,2.923,20000,7.53632,1
2_15,2,15,140.127,80.2533,2.923,20000,7.78432,1
2_15,2,15,140.127,80.2533,2.923,20000,7.58902,1
2_15,2,15,140.127,80.2533,2.923,20000,7.83254,1
2_15,2,15,140.127,80.2533,2.923,20000,7.75307,1
2_15,2,15,140.127,80.2533,2.923,20000,7.56067,1
2_16,2,16,143.752,87.505,3.19596,20000,8.42188,1
2_16,2,16,143.752,87.505,3.19596,20000,7.8493,1
2_16,2,16,142.732,85.464,3.14493,20000,7.87082,1
2_16,2,16,142.732,85.464,3.14493,20000,7.87823,1
2_16,2,16,142.732,85.464,3.14493,20000,7.95468,1
2_16,2,16,142.732,85.464,3.14493,20000,7.78505,1
2_16,2,16,142.732,85.464,3.14493,20000,7.81971,1
2_16,2,16,142.732,85.464,3.14493,20000,8.45521,1
2_16,2,16,143.752,87.505,3.19596,20000,8.30729,1
2_16,2,16,142.732,85.464,3.14493,20000,7.85309,1
2_17,2,17,142.864,85.7279,3.2932,20000,8.77742,1
2_17,2,17,144.269,88.5375,3.36344,20000,8.79638,1
2_17,2,17,142.09,84.1801,3.2545,20000,8.3258,1
2_17,2,17,143.843,87.6864,3.34216,20000,8.32129,1
2_17,2,17,142.864,85.7279,3.2932,20000,8.94492,1
2_17,2,17,142.09,84.1801,3.2545,20000,8.50395,1
2_17,2,17,142.09,84.1801,3.2545,20000,8.69939,1
2_17,2,17,144.334,88.6678,3.36669,20000,8.79216,1
2_17,2,17,142.09,84.1801,3.2545,20000,8.75162,1
2_17,2,17,143.843,87.6864,3.34216,20000,8.36519,1
2_18,2,18,150.315,100.63,3.68242,20000,8.46092,1
2_18,2,18,150.121,100.243,3.67274,20000,9.0227,1
2_18,2,18,151.613,103.227,3.74734,20000,8.6992,1
2_18,2,18,151.613,103.227,3.74734,20000,8.98102,1
2_18,2,18,150.315,100.63,3.68242,20000,8.4414,1
2_18,2,18,151.613,103.227,3.74734,20000,8.69135,1
2_18,2,18,151.137,102.275,3.72354,20000,8.56843,1
2_18,2,18,150.121,100.243,3.67274,20000,8.5285,1
2_18,2,18,151.613,103.227,3.74734,20000,8.84446,1
2_18,2,18,151.27,102.539,3.73015,20000,8.55929,1
2_19,2,19,263.277,126.553,4.44716,20000,10.5482,1
2_19,2,19,261.609,123.217,4.36376,20000,9.72828,1
2_19,2,19,262.749,125.499,4.4208,20000,11.4203,1
2_19,2,19,262.749,125.499,4.4208,20000,11.743,1
2_19,2,19,261.609,123.217,4.36376,20000,10.1316,1
2_19,2,19,262.749,125.499,4.4208,20000,11.7374,1
2_19,2,19,261.619,123.237,4.36426,20000,9.91795,1
2_19,2,19,262.742,125.484,4.42043,20000,10.7456,1
2_19,2,19,261.291,122.582,4.34788,20000,11.3362,1
2_19,2,19,261.619,123.237,4.36426,20000,9.9563,1
2_20,2,20,155.571,111.142,3.97022,20000,9.62365,1
2_20,2,20,156.564,113.129,4.01989,20000,9.2391,1
2_20,2,20,161.053,122.106,4.24432,20000,9.17198,1
2_20,2,20,155.571,111.142,3.97022,20000,9.56762,1
2_20,2,20,156.935,113.869,4.0384,20000,9.10476,1
2_20,2,20,156.129,112.258,3.99812,20000,9.152,1
2_20,2,20,156.564,113.129,4.01989,20000,9.2996,1
2_20,2,20,161.479,122.958,4.26561,20000,8.93567,1
2_20,2,20,160.734,121.468,4.22837,20000,8.98607,1
2_20,2,20,156.129,112.258,3.99812,20000,9.44666,1
3_5,3,5,70.7504,41.5007,1.42918,20000,2.37154,1
3_5,3,5,70.7504,41.5007,1.42918,20000,2.40374,1
3_5,3,5,70.7504,41.5007,1.42918,20000,2.35435,1
3_5,3,5,70.7504,41.5007,1.42918,20000,2.36813,1
3_5,3,5,70.7504,41.5007,1.42918,20000,2.34784,1
3_5,3,5,70.7504,41.5007,1.42918,20000,2.37256,1
3_5,3,5,70.7504,41.5007,1.42918,20000,2.36351,1
3_5,3,5,70.7504,41.5007,1.42918,20000,2.39352,1
3_5,3,5,70.7504,41.5007,1.42918,20000,2.35492,1
3_5,3,5,70.7504,41.5007,1.42918,20000,2.3717,1
3_6,3,6,131.693,63.3858,1.98465,20000,4.46517,1
3_6,3,6,131.693,63.3858,1.98465,20000,4.49079,1
3_6,3,6,131.693,63.3858,1.98465,20000,4.50532,1
3_6,3,6,131.693,63.3858,1.98465,20000,4.48348,1
3_6,3,6,131.693,63.3858,1.98465,20000,4.59453,1
3_6,3,6,131.693,63.3858,1.98465,20000,4.49278,1
3_6,3,6,131.693,63.3858,1.98465,20000,4.52566,1
3_6,3,6,131.693,63.3858,1.98465,20000,4.52595,1
3_6,3,6,131.693,63.3858,1.98465,20000,4.5484,1
3_6,3,6,131.693,63.3858,1.98465,20000,4.50455,1
3_7,3,7,75.158,50.3161,1.59957,20000,2.88929,1
3_7,3,7,75.158,50.3161,1.59957,20000,2.88949,1
3_7,3,7,75.158,50.3161,1.59957,20000,2.89068,1
3_7,3,7,75.158,50.3161,1.59957,20000,2.90548,1
3_7,3,7,75.158,50.3161,1.59957,20000,2.87658,1
3_7,3,7,75.158,50.3161,1.59957,20000,2.88637,1
3_7,3,7,75.158,50.3161,1.59957,20000,2.89575,1
3_7,3,7,75.158,50.3161,1.59957,20000,2.89575,1
3_7,3,7,75.158,50.3161,1.59957,20000,2.90969,1
3_7,3,7,75.158,50.3161,1.59957,20000,2.89345,1
3_8,3,8,127.795,55.5907,1.93977,20000,4.21987,1
3_8,3,8,127.795,55.5907,1.93977,20000,4.33195,1
3_8,3,8,127.795,55.5907,1.93977,20000,4.18502,1
3_8,3,8,127.795,55.5907,1.93977,20000,4.17578,1
3_8,3,8,127.795,55.5907,1.93977,20000,4.18287,1
3_8,3,8,127.795,55.5907,1.93977,20000,4.17809,1
3_8,3,8,127.795,55.5907,1.93977,20000,4.25653,1
3_8,3,8,127.795,55.5907,1.93977,20000,4.21559,1
3_8,3,8,127.795,55.5907,1.93977,20000,4.20736,1
3_8,3,8,127.795,55.5907,1.93977,20000,4.19669,1
3_9,3,9,127.302,54.6032,1.98175,20000,4.747,1
3_9,3,9,127.302,54.6032,1.98175,20000,4.74826,1
3_9,3,9,127.302,54.6032,1.98175,20000,4.7924,1
3_9,3,9,127.302,54.6032,1.98175,20000,4.71231,1
3_9,3,9,127.302,54.6032,1.98175,20000,4.68289,1
3_9,3,9,127.302,54.6032,1.98175,20000,4.72891,1
3_9,3,9,127.302,54.6032,1.98175,20000,4.85169,1
3_9,3,9,127.302,54.6032,1.98175,20000,4.66259,1
3_9,3,9,127.302,54.6032,1.98175,20000,4.6965,1
3_9,3,9,127.302,54.6032,1.98175,20000,4.6768,1
3_10,3,10,139.567,79.1349,2.6117,20000,6.01926,1
3_10,3,10,139.567,79.1349,2.6117,20000,5.88745,1
3_10,3,10,139.567,79.1349,2.6117,20000,5.88398,1
3_10,3,10,139.567,79.1349,2.6117,20000,5.84851,1
3_10,3,10,139.567,79.1349,2.6117,20000,5.95686,1
3_10,3,10,139.567,79.1349,2.6117,20000,6.05606,1
3_10,3,10,139.567,79.1349,2.6117,20000,5.90645,1
3_10,3,10,139.567,79.1349,2.6117,20000,5.90872,1
3_10,3,10,139.567,79.1349,2.6117,20000,5.94772,1
3_10,3,10,139.567,79.1349,2.6117,20000,5.8926,1
3_11,3,11,128.049,56.099,2.17747,20000,6.53947,1
3_11,3,11,128.049,56.099,2.17747,20000,6.68395,1
3_11,3,11,128.049,56.099,2.17747,20000,6.61411,1
3_11,3,11,128.049,56.099,2.17747,20000,6.72462,1
3_11,3,11,128.049,56.099,2.17747,20000,6.62566,1
3_11,3,11,128.049,56.099,2.17747,20000,6.73739,1
3_11,3,11,128.049,56.099,2.17747,20000,6.58317,1
3_11,3,11,128.049,56.099,2.17747,20000,6.74018,1
3_11,3,11,128.049,56.099,2.17747,20000,6.86254,1
3_11,3,11,128.049,56.099,2.17747,20000,6.77319,1
3_12,3,12,139.369,78.738,2.68512,20000,6.48632,1
3_12,3,12,139.369,78.738,2.68512,20000,6.50708,1
3_12,3,12,139.369,78.738,2.68512,20000,6.54212,1
3_12,3,12,139.369,78.738,2.68512,20000,6.73485,1
3_12,3,12,139.369,78.738,2.68512,20000,6.5053,1
3_12,3,12,139.369,78.738,2.68512,20000,6.65924,1
3_12,3,12,139.369,78.738,2.68512,20000,6.45535,1
3_12,3,12,139.369,78.738,2.68512,20000,6.5307,1
3_12,3,12,139.369,78.738,2.68512,20000,6.47361,1
3_12,3,12,139.369,78.738,2.68512,20000,6.60486,1
3_13,3,13,131.445,62.8907,2.4306,20000,7.44508,1
3_13,3,13,131.445,62.8907,2.4306,20000,6.96875,1
3_13,3,13,131.445,62.8907,2.4306,20000,7.10357,1
3_13,3,13,131.445,62.8907,2.4306,20000,7.02239,1
3_13,3,13,131.445,62.8907,2.4306,20000,7.12183,1
3_13,3,13,131.445,62.8907,2.4306,20000,7.08397,1
3_13,3,13,131.445,62.8907,2.4306,20000,6.93689,1
3_13,3,13,131.445,62.8907,2.4306,20000,7.23104,1
3_13,3,13,131.445,62.8907,2.4306,20000,7.00121,1
3_13,3,13,131.445,62.8907,2.4306,20000,7.15461,1
3_14,3,14,139.758,79.5162,2.72124,20000,5.51699,1
3_14,3,14,139.758,79.5162,2.72124,20000,5.4708,1
3_14,3,14,139.758,79.5162,2.72124,20000,5.52149,1
3_14,3,14,139.758,79.5162,2.72124,20000,5.49105,1
3_14,3,14,139.758,79.5162,2.72124,20000,5.51975,1
3_14,3,14,139.758,79.5162,2.72124,20000,5.52027,1
3_14,3,14,139.758,79.5162,2.72124,20000,5.50767,1
3_14,3,14,139.758,79.5162,2.72124,20000,5.46751,1
3_14,3,14,139.758,79.5162,2.72124,20000,5.5347,1
3_14,3,14,139.758,79.5162,2.72124,20000,5.45202,1
3_15,3,15,194.871,89.7426,3.34357,20000,7.54044,1
3_15,3,15,195.695,91.39,3.38475,20000,8.02689,1
3_15,3,15,194.718,89.436,3.3359,20000,7.95757,1
3_15,3,15,194.651,89.3021,3.33255,20000,8.03426,1
3_15,3,15,193.277,86.5535,3.26384,20000,8.03093,1
3_15,3,15,194.651,89.3021,3.33255,20000,8.11021,1
3_15,3,15,193.277,86.5535,3.26384,20000,8.16993,1
3_15,3,15,193.277,86.5535,3.26384,20000,8.46881,1
3_15,3,15,193.277,86.5535,3.26384,20000,8.63244,1
3_15,3,15,193.277,86.5535,3.26384,20000,8.50765,1
3_16,3,16,146.99,93.9797,3.40783,20000,8.82638,1
3_16,3,16,148.831,97.6623,3.49989,20000,8.76989,1
3_16,3,16,146.99,93.9797,3.40783,20000,8.38572,1
3_16,3,16,148.683,97.3668,3.4925,20000,8.28522,1
3_16,3,16,148.232,96.4633,3.46992,20000,8.37802,1
3_16,3,16,148.683,97.3668,3.4925,20000,8.36673,1
3_16,3,16,146.99,93.9797,3.40783,20000,8.00249,1
3_16,3,16,148.232,96.4633,3.46992,20000,9.18283,1
3_16,3,16,148.831,97.6623,3.49989,20000,8.53705,1
3_16,3,16,148.232,96.4633,3.46992,20000,8.27999,1
3_17,3,17,198.754,97.5081,3.57104,20000,9.58563,1
3_17,3,17,198.754,97.5081,3.57104,20000,9.26562,1
3_17,3,17,195.446,90.8929,3.40566,20000,8.26796,1
3_17,3,17,195.446,90.8929,3.40566,20000,9.01058,1
3_17,3,17,195.446,90.8929,3.40566,20000,8.58123,1
3_17,3,17,195.446,90.8929,3.40566,20000,8.6123,1
3_17,3,17,196.874,93.7481,3.47704,20000,8.65668,1
3_17,3,17,195.446,90.8929,3.40566,20000,8.69137,1
3_17,3,17,198.754,97.5081,3.57104,20000,9.29068,1
3_17,3,17,195.446,90.8929,3.40566,20000,8.95519,1
3_18,3,18,197.599,95.1974,3.5216,20000,8.60295,1
3_18,3,18,199.19,98.3791,3.60114,20000,9.46932,1
3_18,3,18,199.19,98.3791,3.60114,20000,8.94462,1
3_18,3,18,199.19,98.3791,3.60114,20000,8.73331,1
3_18,3,18,199.19,98.3791,3.60114,20000,8.79219,1
3_18,3,18,197.599,95.1974,3.5216,20000,8.78043,1
3_18,3,18,197.599,95.1974,3.5216,20000,9.22849,1
3_18,3,18,197.599,95.1974,3.5216,20000,8.83973,1
3_18,3,18,197.599,95.1974,3.5216,20000,9.04834,1
3_18,3,18,197.917,95.8345,3.53753,20000,8.55962,1
3_19,3,19,196.883,93.7664,3.61916,20000,10.9271,1
3_19,3,19,198.373,96.747,3.69367,20000,9.47243,1
3_19,3,19,197.718,95.4358,3.6609,20000,9.45235,1
3_19,3,19,196.896,93.7919,3.6198,20000,9.49243,1
3_19,3,19,198.842,97.6838,3.71709,20000,9.50924,1
3_19,3,19,198.194,96.3873,3.68468,20000,9.44038,1
3_19,3,19,198.833,97.6654,3.71664,20000,9.32046,1
3_19,3,19,196.829,93.6571,3.61643,20000,9.58878,1
3_19,3,19,197.509,95.0179,3.65045,20000,9.42915,1
3_19,3,19,198.097,96.1938,3.67984,20000,10.6401,1
3_20,3,20,200.846,101.693,3.61731,20000,9.7691,1
3_20,3,20,198.836,97.6724,3.51681,20000,10.0711,1
3_20,3,20,198.836,97.6724,3.51681,20000,9.90067,1
3_20,3,20,200.662,101.324,3.6081,20000,9.76556,1
3_20,3,20,201.955,103.911,3.67277,20000,9.69506,1
3_20,3,20,200.662,101.324,3.6081,20000,9.86232,1
3_20,3,20,198.836,97.6724,3.51681,20000,9.59059,1
3_20,3,20,200.846,101.693,3.61731,20000,9.63339,1
3_20,3,20,202.16,104.32,3.683,20000,10.1498,1
3_20,3,20,197.101,94.2014,3.43004,20000,9.66506,1
4_5,4,5,67.3024,34.6048,1.19012,20000,2.40521,1
4_5,4,5,67.3024,34.6048,1.19012,20000,2.40684,1
4_5,4,5,67.3024,34.6048,1.19012,20000,2.3764,1
4_5,4,5,67.3024,34.6048,1.19012,20000,2.41262,1
4_5,4,5,67.3024,34.6048,1.19012,20000,2.40061,1
4_5,4,5,67.3024,34.6048,1.19012,20000,2.43613,1
4_5,4,5,67.3024,34.6048,1.19012,20000,2.40552,1
4_5,4,5,67.3024,34.6048,1.19012,20000,2.39931,1
4_5,4,5,67.3024,34.6048,1.19012,20000,2.40403,1
4_5,4,5,67.3024,34.6048,1.19012,20000,2.41885,1
4_6,4,6,78.0244,56.0488,1.75122,20000,2.61934,1
4_6,4,6,78.0244,56.0488,1.75122,20000,2.64721,1
4_6,4,6,78.0244,56.0488,1.75122,20000,2.64306,1
4_6,4,6,78.0244,56.0488,1.75122,20000,2.62957,1
4_6,4,6,78.0244,56.0488,1.75122,20000,2.66858,1
4_6,4,6,78.0244,56.0488,1.75122,20000,2.63359,1
4_6,4,6,78.0244,56.0488,1.75122,20000,2.61917,1
4_6,4,6,78.0244,56.0488,1.75122,20000,2.64907,1
4_6,4,6,78.0244,56.0488,1.75122,20000,2.68159,1
4_6,4,6,78.0244,56.0488,1.75122,20000,2.61444,1
4_7,4,7,78.1791,56.3583,1.86729,20000,2.84719,1
4_7,4,7,78.1791,56.3583,1.86729,20000,2.89804,1
4_7,4,7,78.1791,56.3583,1.86729,20000,2.96741,1
4_7,4,7,78.1791,56.3583,1.86729,20000,3.18255,1
4_7,4,7,78.1791,56.3583,1.86729,20000,3.35619,1
4_7,4,7,78.1791,56.3583,1.86729,20000,2.89465,1
4_7,4,7,78.1791,56.3583,1.86729,20000,3.07642,1
4_7,4,7,78.1791,56.3583,1.86729,20000,3.1332,1
4_7,4,7,78.1791,56.3583,1.86729,20000,3.13468,1
4_7,4,7,78.1791,56.3583,1.86729,20000,3.73392,1
4_8,4,8,69.6393,39.2787,1.5403,20000,3.24567,1
4_8,4,8,69.6393,39.2787,1.5403,20000,3.19367,1
4_8,4,8,69.6393,39.2787,1.5403,20000,3.15589,1
4_8,4,8,69.6393,39.2787,1.5403,20000,3.16168,1
4_8,4,8,69.6393,39.2787,1.5403,20000,3.18692,1
4_8,4,8,69.6393,39.2787,1.5403,20000,3.15247,1
4_8,4,8,69.6393,39.2787,1.5403,20000,3.19341,1
4_8,4,8,69.6393,39.2787,1.5403,20000,3.14175,1
4_8,4,8,69.6393,39.2787,1.5403,20000,3.17824,1
4_8,4,8,69.6393,39.2787,1.5403,20000,3.15303,1
4_9,4,9,133.777,67.5543,2.26386,20000,4.67559,1
4_9,4,9,133.777,67.5543,2.26386,20000,4.61706,1
4_9,4,9,133.777,67.5543,2.26386,20000,4.71728,1
4_9,4,9,133.777,67.5543,2.26386,20000,4.70098,1
4_9,4,9,133.777,67.5543,2.26386,20000,4.65991,1
4_9,4,9,133.777,67.5543,2.26386,20000,4.61993,1
4_9,4,9,133.777,67.5543,2.26386,20000,4.61869,1
4_9,4,9,133.777,67.5543,2.26386,20000,4.62915,1
4_9,4,9,133.777,67.5543,2.26386,20000,4.63489,1
4_9,4,9,133.777,67.5543,2.26386,20000,4.67879,1
4_10,4,10,135.094,70.187,2.32134,20000,6.32928,1
4_10,4,10,135.094,70.187,2.32134,20000,6.05282,1
4_10,4,10,135.094,70.187,2.32134,20000,6.44242,1
4_10,4,10,135.094,70.187,2.32134,20000,6.39746,1
4_10,4,10,135.094,70.187,2.32134,20000,6.30794,1
4_10,4,10,135.094,70.187,2.32134,20000,6.09849,1
4_10,4,10,135.094,70.187,2.32134,20000,6.10034,1
4_10,4,10,135.094,70.187,2.32134,20000,6.36231,1
4_10,4,10,135.094,70.187,2.32134,20000,6.39232,1
4_10,4,10,135.094,70.187,2.32134,20000,6.03398,1
4_11,4,11,131.347,62.6934,2.29233,20000,6.32561,1
4_11,4,11,131.347,62.6934,2.29233,20000,6.2825,1
4_11,4,11,131.347,62.6934,2.29233,20000,6.38258,1
4_11,4,11,131.384,62.7671,2.29418,20000,6.28932,1
4_11,4,11,131.347,62.6934,2.29233,20000,6.23152,1
4_11,4,11,131.347,62.6934,2.29233,20000,6.40821,1
4_11,4,11,131.347,62.6934,2.29233,20000,6.22962,1
4_11,4,11,131.347,62.6934,2.29233,20000,6.22424,1
4_11,4,11,131.347,62.6934,2.29233,20000,6.25171,1
4_11,4,11,131.347,62.6934,2.29233,20000,6.41387,1
4_12,4,12,132.337,64.6747,2.46687,20000,6.82285,1
4_12,4,12,132.337,64.6747,2.46687,20000,6.66437,1
4_12,4,12,132.337,64.6747,2.46687,20000,6.89328,1
4_12,4,12,132.337,64.6747,2.46687,20000,6.66174,1
4_12,4,12,132.337,64.6747,2.46687,20000,6.85729,1
4_12,4,12,132.337,64.6747,2.46687,20000,6.80282,1
4_12,4,12,132.337,64.6747,2.46687,20000,6.75964,1
4_12,4,12,132.337,64.6747,2.46687,20000,6.67553,1
4_12,4,12,132.337,64.6747,2.46687,20000,6.75465,1
4_12,4,12,132.337,64.6747,2.46687,20000,6.77865,1
4_13,4,13,137.106,74.2122,2.76364,20000,6.85238,1
4_13,4,13,137.106,74.2122,2.76364,20000,7.01478,1
4_13,4,13,137.106,74.2122,2.76364,20000,7.03671,1
4_13,4,13,137.106,74.2122,2.76364,20000,6.94469,1
4_13,4,13,137.106,74.2122,2.76364,20000,7.02417,1
4_13,4,13,137.106,74.2122,2.76364,20000,6.89896,1
4_13,4,13,137.106,74.2122,2.76364,20000,6.904,1
4_13,4,13,137.106,74.2122,2.76364,20000,7.07043,1
4_13,4,13,137.106,74.2122,2.76364,20000,6.93945,1
4_13,4,13,137.106,74.2122,2.76364,20000,6.93553,1
4_14,4,14,190.617,81.2345,3.0642,20000,8.02771,1
4_14,4,14,190.617,81.2345,3.0642,20000,7.30767,1
4_14,4,14,188.982,77.9643,2.98244,20000,8.14959,1
4_14,4,14,190.617,81.2345,3.0642,20000,8.28935,1
4_14,4,14,188.982,77.9643,2.98244,20000,7.69219,1
4_14,4,14,188.982,77.9643,2.98244,20000,8.01199,1
4_14,4,14,190.617,81.2345,3.0642,20000,8.07212,1
4_14,4,14,190.617,81.2345,3.0642,20000,8.02625,1
4_14,4,14,190.617,81.2345,3.0642,20000,7.42314,1
4_14,4,14,190.617,81.2345,3.0642,20000,7.94487,1
4_15,4,15,139.143,78.2859,2.89881,20000,7.96108,1
4_15,4,15,139.143,78.2859,2.89881,20000,8.11904,1
4_15,4,15,139.143,78.2859,2.89881,20000,8.10804,1
4_15,4,15,139.143,78.2859,2.89881,20000,8.12251,1
4_15,4,15,139.143,78.2859,2.89881,20000,8.09168,1
4_15,4,15,139.143,78.2859,2.89881,20000,8.07078,1
4_15,4,15,139.143,78.2859,2.89881,20000,8.0694,1
4_15,4,15,139.143,78.2859,2.89881,20000,8.01698,1
4_15,4,15,139.143,78.2859,2.89881,20000,8.02883,1
4_15,4,15,139.143,78.2859,2.89881,20000,8.03828,1
4_16,4,16,141.963,83.9254,3.20647,20000,7.96187,1
4_16,4,16,143.09,86.1806,3.26285,20000,7.93915,1
4_16,4,16,141.963,83.9254,3.20647,20000,7.99215,1
4_16,4,16,141.963,83.9254,3.20647,20000,7.89243,1
4_16,4,16,143.09,86.1806,3.26285,20000,8.05177,1
4_16,4,16,141.963,83.9254,3.20647,20000,7.90567,1
4_16,4,16,141.963,83.9254,3.20647,20000,7.9898,1
4_16,4,16,141.963,83.9254,3.20647,20000,8.13437,1
4_16,4,16,141.963,83.9254,3.20647,20000,7.93161,1
4_16,4,16,141.963,83.9254,3.20647,20000,7.95883,1
4_17,4,17,141.753,83.5057,3.07931,20000,8.60567,1
4_17,4,17,141.753,83.5057,3.07931,20000,8.38226,1
4_17,4,17,140.538,81.0761,3.01857,20000,8.44161,1
4_17,4,17,140.538,81.0761,3.01857,20000,8.52681,1
4_17,4,17,140.538,81.0761,3.01857,20000,8.64697,1
4_17,4,17,140.538,81.0761,3.01857,20000,9.06949,1
4_17,4,17,141.753,83.5057,3.07931,20000,8.21872,1
4_17,4,17,140.538,81.0761,3.01857,20000,8.53528,1
4_17,4,17,141.753,83.5057,3.07931,20000,8.42589,1
4_17,4,17,140.961,81.9228,3.03974,20000,8.29158,1
4_18,4,18,144.347,88.6943,3.22569,20000,8.9344,1
4_18,4,18,143.686,87.3715,3.19262,20000,8.84836,1
4_18,4,18,143.974,87.9482,3.20704,20000,8.71153,1
4_18,4,18,144.574,89.1486,3.23705,20000,8.71041,1
4_18,4,18,143.686,87.3715,3.19262,20000,8.6686,1
4_18,4,18,143.686,87.3715,3.19262,20000,8.78178,1
4_18,4,18,143.686,87.3715,3.19262,20000,9.15616,1
4_18,4,18,144.347,88.6943,3.22569,20000,8.91277,1
4_18,4,18,144.574,89.1486,3.23705,20000,9.26895,1
4_18,4,18,144.347,88.6943,3.22569,20000,8.92747,1
4_19,4,19,151.124,102.248,3.80619,20000,8.98491,1
4_19,4,19,150.911,101.823,3.79556,20000,8.91791,1
4_19,4,19,150.743,101.485,3.78713,20000,8.97185,1
4_19,4,19,149.833,99.6669,3.74167,20000,9.0476,1
4_19,4,19,151.124,102.248,3.80619,20000,9.31244,1
4_19,4,19,151.68,103.36,3.834,20000,9.18812,1
4_19,4,19,151.124,102.248,3.80619,20000,9.01774,1
4_19,4,19,151.124,102.248,3.80619,20000,9.12588,1
4_19,4,19,151.538,103.077,3.82692,20000,9.01759,1
4_19,4,19,150.743,101.485,3.78713,20000,9.11166,1
4_20,4,20,155.362,110.724,4.05142,20000,9.31913,1
4_20,4,20,154.767,109.534,4.02168,20000,9.35068,1
4_20,4,20,154.84,109.68,4.02534,20000,9.30102,1
4_20,4,20,152.456,104.911,3.90612,20000,9.34016,1
4_20,4,20,149.898,99.7969,3.77826,20000,9.372,1
4_20,4,20,154.154,108.307,3.99101,20000,9.38748,1
4_20,4,20,154.767,109.534,4.02168,20000,9.31049,1
4_20,4,20,152.456,104.911,3.90612,20000,9.28528,1
4_20,4,20,149.898,99.7969,3.77826,20000,9.32963,1
4_20,4,20,154.767,109.534,4.02168,20000,9.41593,1
2_5,2,5,75.5919,51.1838,1.55459,690500,3.32685,2
2_5,2,5,75.5919,51.1838,1.55459,690500,3.3727,2
2_5,2,5,75.5919,51.1838,1.55459,690500,3.35539,2
2_5,2,5,75.5919,51.1838,1.55459,690500,3.36904,2
2_5,2,5,75.5919,51.1838,1.55459,690500,3.34536,2
2_5,2,5,75.5919,51.1838,1.55459,690500,3.35697,2
2_5,2,5,75.5919,51.1838,1.55459,690500,3.34367,2
2_5,2,5,75.5919,51.1838,1.55459,690500,3.37597,2
2_5,2,5,75.5919,51.1838,1.55459,690500,3.3517,2
2_5,2,5,75.5919,51.1838,1.55459,690500,3.35431,2
2_6,2,6,68.4019,36.8039,1.3701,690500,3.57438,2
2_6,2,6,68.4019,36.8039,1.3701,690500,3.57893,2
2_6,2,6,68.4019,36.8039,1.3701,690500,3.5565,2
2_6,2,6,68.4019,36.8039,1.3701,690500,3.58501,2
2_6,2,6,68.4019,36.8039,1.3701,690500,3.60857,2
2_6,2,6,68.4019,36.8039,1.3701,690500,3.5612,2
2_6,2,6,68.4019,36.8039,1.3701,690500,3.57333,2
2_6,2,6,68.4019,36.8039,1.3701,690500,3.55951,2
2_6,2,6,68.4019,36.8039,1.3701,690500,3.56918,2
2_6,2,6,68.4019,36.8039,1.3701,690500,3.58889,2
2_7,2,7,125.542,51.0834,1.71042,690500,4.78884,2
2_7,2,7,123.973,47.9462,1.63199,690500,4.76029,2
2_7,2,7,124.64,49.2798,1.66533,690500,4.7638,2
2_7,2,7,125.542,51.0834,1.71042,690500,4.76576,2
2_7,2,7,125.542,51.0834,1.71042,690500,4.7347,2
2_7,2,7,125.542,51.0834,1.71042,690500,4.81952,2
2_7,2,7,125.542,51.0834,1.71042,690500,4.75518,2
2_7,2,7,125.455,50.9098,1.70608,690500,36.8661,2
2_7,2,7,125.542,51.0834,1.71042,690500,4.77558,2
2_7,2,7,125.542,51.0834,1.71042,690500,4.76761,2
2_8,2,8,78.4441,56.8882,2.00554,690500,3.50167,2
2_8,2,8,78.4441,56.8882,2.00554,690500,3.54622,2
2_8,2,8,78.4441,56.8882,2.00554,690500,3.52519,2
2_8,2,8,78.4441,56.8882,2.00554,690500,3.51222,2
2_8,2,8,78.4441,56.8882,2.00554,690500,3.51794,2
2_8,2,8,78.4441,56.8882,2.00554,690500,3.55493,2
2_8,2,8,78.4441,56.8882,2.00554,690500,3.57652,2
2_8,2,8,78.4441,56.8882,2.00554,690500,3.55834,2
2_8,2,8,78.4441,56.8882,2.00554,690500,3.53945,2
2_8,2,8,78.4441,56.8882,2.00554,690500,3.52672,2
2_9,2,9,76.9759,53.9518,1.89879,690500,3.86099,2
2_9,2,9,76.9759,53.9518,1.89879,690500,3.87173,2
2_9,2,9,76.9759,53.9518,1.89879,690500,3.89939,2
2_9,2,9,76.9759,53.9518,1.89879,690500,3.8795,2
2_9,2,9,76.9759,53.9518,1.89879,690500,3.91295,2
2_9,2,9,76.9759,53.9518,1.89879,690500,3.85003,2
2_9,2,9,76.9759,53.9518,1.89879,690500,3.90646,2
2_9,2,9,76.9759,53.9518,1.89879,690500,3.85082,2
2_9,2,9,76.9759,53.9518,1.89879,690500,3.84696,2
2_9,2,9,76.9759,53.9518,1.89879,690500,3.86125,2
2_10,2,10,89.0347,78.0695,2.57674,690500,3.62818,2
2_10,2,10,89.0347,78.0695,2.57674,690500,3.60369,2
2_10,2,10,89.4477,78.8954,2.59739,690500,3.579,2
2_10,2,10,89.0347,78.0695,2.57674,690500,3.58315,2
2_10,2,10,89.4477,78.8954,2.59739,690500,3.63151,2
2_10,2,10,89.0347,78.0695,2.57674,690500,3.5726,2
2_10,2,10,89.0347,78.0695,2.57674,690500,3.5846,2
2_10,2,10,89.4477,78.8954,2.59739,690500,3.5826,2
2_10,2,10,89.0347,78.0695,2.57674,690500,3.5814,2
2_10,2,10,89.4477,78.8954,2.59739,690500,3.6098,2
2_11,2,11,89.4277,78.8554,2.64638,690500,3.69104,2
2_11,2,11,89.4277,78.8554,2.64638,690500,3.69505,2
2_11,2,11,89.6673,79.3347,2.65837,690500,3.68304,2
2_11,2,11,91.2944,82.5887,2.73972,690500,3.69243,2
2_11,2,11,89.4277,78.8554,2.64638,690500,3.7917,2
2_11,2,11,89.4277,78.8554,2.64638,690500,3.8633,2
2_11,2,11,89.4277,78.8554,2.64638,690500,3.67962,2
2_11,2,11,89.6673,79.3347,2.65837,690500,3.70786,2
2_11,2,11,89.4277,78.8554,2.64638,690500,3.67499,2
2_11,2,11,89.4277,78.8554,2.64638,690500,3.66084,2
2_12,2,12,142.371,84.7416,2.96854,690500,55.3127,2
2_12,2,12,142.359,84.7175,2.96794,690500,54.8179,2
2_12,2,12,142.359,84.7175,2.96794,690500,55.9954,2
2_12,2,12,139.202,78.4043,2.81011,690500,4.31752,2
2_12,2,12,142.359,84.7175,2.96794,690500,4.32919,2
2_12,2,12,142.185,84.3695,2.95924,690500,4.3961,2
2_12,2,12,140.758,81.5153,2.88788,690500,56.3839,2
2_12,2,12,142.185,84.3695,2.95924,690500,56.6057,2
2_12,2,12,140.139,80.2789,2.85697,690500,56.6542,2
2_12,2,12,141.857,83.7132,2.94283,690500,55.2632,2
2_13,2,13,149.6,99.1993,3.47998,690500,4.63631,2
2_13,2,13,149.08,98.1606,3.45402,690500,4.46243,2
2_13,2,13,149.191,98.3822,3.45956,690500,4.57341,2
2_13,2,13,145.165,90.3295,3.25824,690500,37.9811,2
2_13,2,13,148.692,97.3844,3.43461,690500,37.9502,2
2_13,2,13,145.318,90.6353,3.26588,690500,38.9226,2
2_13,2,13,144.391,88.781,3.21953,690500,4.5977,2
2_13,2,13,147.9,95.799,3.39498,690500,39.8825,2
2_13,2,13,148.524,97.0478,3.4262,690500,4.45478,2
2_13,2,13,146.699,93.3976,3.33494,690500,4.46423,2
2_14,2,14,146.357,92.7133,3.3095,690500,4.96707,2
2_14,2,14,149.635,99.2696,3.47341,690500,4.92586,2
2_14,2,14,149.285,98.5692,3.4559,690500,5.0502,2
2_14,2,14,148.472,96.9448,3.41529,690500,54.4993,2
2_14,2,14,149.554,99.1073,3.46935,690500,54.023,2
2_14,2,14,150.892,101.784,3.53627,690500,53.8953,2
2_14,2,14,148.695,97.3907,3.42643,690500,4.99362,2
2_14,2,14,148.166,96.3314,3.39995,690500,5.07463,2
2_14,2,14,149.642,99.284,3.47377,690500,5.03821,2
2_14,2,14,150.892,101.784,3.53627,690500,53.8837,2
2_15,2,15,143.876,87.7526,3.11048,690500,5.06946,2
2_15,2,15,143.28,86.5593,3.08065,690500,5.00851,2
2_15,2,15,143.778,87.5553,3.10555,690500,5.12507,2
2_15,2,15,144.423,88.847,3.13784,690500,5.10839,2
2_15,2,15,145.135,90.2695,3.1734,690500,5.39509,2
2_15,2,15,144.899,89.7977,3.16161,690500,66.527,2
2_15,2,15,146.719,93.4377,3.25261,690500,66.076,2
2_15,2,15,144.16,88.3201,3.12467,690500,67.2754,2
2_15,2,15,145.135,90.2695,3.1734,690500,5.10247,2
2_15,2,15,140.351,80.7013,2.9342,690500,67.3101,2
2_16,2,16,150.787,101.573,3.54767,690500,5.3561,2
2_16,2,16,149.376,98.7523,3.47714,690500,70.0878,2
2_16,2,16,148.816,97.6316,3.44912,690500,5.32193,2
2_16,2,16,151.341,102.682,3.57538,690500,71.5295,2
2_16,2,16,151.912,103.825,3.60395,690500,71.449,2
2_16,2,16,151.583,103.166,3.58749,690500,5.45928,2
2_16,2,16,142.732,85.464,3.14493,690500,71.1963,2
2_16,2,16,147.424,94.8477,3.37953,690500,71.7362,2
2_16,2,16,152.153,104.307,3.616,690500,5.24605,2
2_16,2,16,150.534,101.069,3.53505,690500,5.41121,2
2_17,2,17,152.315,104.629,3.76574,690500,79.177,2
2_17,2,17,154.334,108.668,3.8667,690500,76.4219,2
2_17,2,17,154.353,108.705,3.86763,690500,78.1016,2
2_17,2,17,150.971,101.942,3.69855,690500,5.47643,2
2_17,2,17,152.716,105.432,3.78579,690500,5.70257,2
2_17,2,17,147.858,95.717,3.54292,690500,5.47552,2
2_17,2,17,152.443,104.886,3.77214,690500,5.41765,2
2_17,2,17,149.89,99.78,3.6445,690500,78.0661,2
2_17,2,17,153.386,106.773,3.81932,690500,77.2655,2
2_17,2,17,151.54,103.08,3.72701,690500,5.56662,2
2_18,2,18,164.892,129.783,4.41125,690500,5.77282,2
2_18,2,18,162.273,124.545,4.2803,690500,5.56984,2
2_18,2,18,162.257,124.515,4.27954,690500,5.65921,2
2_18,2,18,161.127,122.254,4.22302,690500,68.8206,2
2_18,2,18,162.222,124.444,4.27777,690500,68.2857,2
2_18,2,18,164.005,128.009,4.3669,690500,5.63028,2
2_18,2,18,163.908,127.816,4.36206,690500,5.7191,2
2_18,2,18,163.713,127.427,4.35234,690500,68.4056,2
2_18,2,18,159.429,118.858,4.13812,690500,5.60723,2
2_18,2,18,163.717,127.433,4.3525,690500,67.0177,2
2_19,2,19,278.26,156.52,5.19634,690500,9.66994,2
2_19,2,19,274.952,149.905,5.03096,690500,237.488,2
2_19,2,19,267.928,135.857,4.67975,690500,9.27214,2
2_19,2,19,276.64,153.28,5.11534,690500,9.35999,2
2_19,2,19,277.59,155.18,5.16282,690500,9.24918,2
2_19,2,19,274.938,149.875,5.03022,690500,9.22604,2
2_19,2,19,274.843,149.686,5.02547,690500,9.32635,2
2_19,2,19,273.51,147.02,4.95883,690500,9.4271,2
2_19,2,19,276.997,153.995,5.13321,690500,9.20307,2
2_19,2,19,277.815,155.629,5.17406,690500,9.16447,2
2_20,2,20,171.266,142.531,4.75495,690500,79.0612,2
2_20,2,20,165.895,131.79,4.48641,690500,77.2082,2
2_20,2,20,171.778,143.557,4.78058,690500,6.04903,2
2_20,2,20,170.725,141.451,4.72793,690500,77.0939,2
2_20,2,20,173.327,146.655,4.85803,690500,6.00544,2
2_20,2,20,164.074,128.148,4.39537,690500,5.95182,2
2_20,2,20,173.203,146.407,4.85184,690500,77.1369,2
2_20,2,20,170.147,140.295,4.69903,690500,76.7913,2
2_20,2,20,172.427,144.854,4.81301,690500,6.10691,2
2_20,2,20,164.392,128.783,4.41124,690500,83.8356,2
3_5,3,5,70.7504,41.5007,1.42918,690500,3.39634,2
3_5,3,5,70.7504,41.5007,1.42918,690500,3.38682,2
3_5,3,5,70.7504,41.5007,1.42918,690500,3.33918,2
3_5,3,5,70.7504,41.5007,1.42918,690500,3.35999,2
3_5,3,5,70.7504,41.5007,1.42918,690500,3.37991,2
3_5,3,5,70.7504,41.5007,1.42918,690500,3.40228,2
3_5,3,5,70.7504,41.5007,1.42918,690500,3.35458,2
3_5,3,5,70.7504,41.5007,1.42918,690500,3.3743,2
3_5,3,5,70.7504,41.5007,1.42918,690500,3.34346,2
3_5,3,5,70.7504,41.5007,1.42918,690500,3.34053,2
3_6,3,6,131.693,63.3858,1.98465,690500,19.9534,2
3_6,3,6,131.693,63.3858,1.98465,690500,4.38479,2
3_6,3,6,131.693,63.3858,1.98465,690500,4.41174,2
3_6,3,6,131.693,63.3858,1.98465,690500,20.2457,2
3_6,3,6,131.693,63.3858,1.98465,690500,19.9319,2
3_6,3,6,131.693,63.3858,1.98465,690500,4.35439,2
3_6,3,6,131.693,63.3858,1.98465,690500,4.33072,2
3_6,3,6,131.693,63.3858,1.98465,690500,4.45152,2
3_6,3,6,131.693,63.3858,1.98465,690500,4.32966,2
3_6,3,6,131.693,63.3858,1.98465,690500,20.137,2
3_7,3,7,75.158,50.3161,1.59957,690500,4.03922,2
3_7,3,7,75.158,50.3161,1.59957,690500,3.98456,2
3_7,3,7,75.158,50.3161,1.59957,690500,4.04174,2
3_7,3,7,75.158,50.3161,1.59957,690500,3.95764,2
3_7,3,7,75.158,50.3161,1.59957,690500,3.98472,2
3_7,3,7,75.158,50.3161,1.59957,690500,3.97085,2
3_7,3,7,75.158,50.3161,1.59957,690500,4.07617,2
3_7,3,7,75.158,50.3161,1.59957,690500,3.95054,2
3_7,3,7,75.158,50.3161,1.59957,690500,4.02098,2
3_7,3,7,75.158,50.3161,1.59957,690500,3.99126,2
3_8,3,8,127.795,55.5907,1.93977,690500,43.1669,2
3_8,3,8,127.795,55.5907,1.93977,690500,5.16044,2
3_8,3,8,127.795,55.5907,1.93977,690500,5.03773,2
3_8,3,8,127.795,55.5907,1.93977,690500,5.05402,2
3_8,3,8,127.795,55.5907,1.93977,690500,43.6517,2
3_8,3,8,127.795,55.5907,1.93977,690500,5.02209,2
3_8,3,8,127.795,55.5907,1.93977,690500,43.1624,2
3_8,3,8,127.795,55.5907,1.93977,690500,43.4829,2
3_8,3,8,127.795,55.5907,1.93977,690500,43.6632,2
3_8,3,8,127.795,55.5907,1.93977,690500,5.06262,2
3_9,3,9,127.302,54.6032,1.98175,690500,66.2393,2
3_9,3,9,127.302,54.6032,1.98175,690500,4.98071,2
3_9,3,9,127.302,54.6032,1.98175,690500,4.80971,2
3_9,3,9,127.302,54.6032,1.98175,690500,69.2522,2
3_9,3,9,127.302,54.6032,1.98175,690500,69.2679,2
3_9,3,9,127.302,54.6032,1.98175,690500,4.63011,2
3_9,3,9,127.302,54.6032,1.98175,690500,5.04727,2
3_9,3,9,127.302,54.6032,1.98175,690500,5.49722,2
3_9,3,9,127.302,54.6032,1.98175,690500,5.3975,2
3_9,3,9,127.302,54.6032,1.98175,690500,4.75944,2
3_10,3,10,139.757,79.5137,2.62118,690500,4.23893,2
3_10,3,10,139.567,79.1349,2.6117,690500,40.0996,2
3_10,3,10,139.757,79.5137,2.62118,690500,39.3839,2
3_10,3,10,140.247,80.4949,2.64571,690500,38.9629,2
3_10,3,10,140.245,80.4899,2.64558,690500,39.0971,2
3_10,3,10,140.002,80.0048,2.63345,690500,4.22929,2
3_10,3,10,139.757,79.5137,2.62118,690500,4.19767,2
3_10,3,10,140.002,80.0048,2.63345,690500,4.21453,2
3_10,3,10,139.757,79.5137,2.62118,690500,4.16977,2
3_10,3,10,139.872,79.7433,2.62692,690500,38.9932,2
3_11,3,11,130.409,60.8178,2.29544,690500,69.4008,2
3_11,3,11,128.544,57.0873,2.20218,690500,68.9022,2
3_11,3,11,129.656,59.3118,2.25779,690500,68.9803,2
3_11,3,11,130.114,60.2277,2.28069,690500,4.27984,2
3_11,3,11,129.638,59.2762,2.2569,690500,70.1273,2
3_11,3,11,131.781,63.5619,2.36405,690500,4.36554,2
3_11,3,11,129.809,59.6187,2.26547,690500,69.6948,2
3_11,3,11,131.281,62.5626,2.33906,690500,69.0387,2
3_11,3,11,128.45,56.9006,2.19751,690500,68.6932,2
3_11,3,11,131.788,63.5759,2.3644,690500,69.7076,2
3_12,3,12,141.55,83.1003,2.79417,690500,4.28512,2
3_12,3,12,141.514,83.0276,2.79236,690500,51.184,2
3_12,3,12,141.219,82.4389,2.77764,690500,4.37787,2
3_12,3,12,140.612,81.2243,2.74728,690500,4.31275,2
3_12,3,12,141.63,83.2597,2.79816,690500,4.48502,2
3_12,3,12,141.478,82.9556,2.79056,690500,49.2521,2
3_12,3,12,141.736,83.4719,2.80347,690500,4.38325,2
3_12,3,12,141.696,83.3917,2.80146,690500,48.7335,2
3_12,3,12,141.478,82.9556,2.79056,690500,48.7984,2
3_12,3,12,141.514,83.0276,2.79236,690500,51.0896,2
3_13,3,13,134.295,68.5893,2.57307,690500,64.9899,2
3_13,3,13,134.115,68.2295,2.56407,690500,64.5096,2
3_13,3,13,132.673,65.3452,2.49196,690500,64.4568,2
3_13,3,13,133.578,67.1551,2.53721,690500,4.63072,2
3_13,3,13,131.918,63.8365,2.45425,690500,4.60885,2
3_13,3,13,133.689,67.3784,2.54279,690500,4.57113,2
3_13,3,13,132.384,64.768,2.47753,690500,65.2852,2
3_13,3,13,134.065,68.131,2.56161,690500,64.7811,2
3_13,3,13,131.445,62.8907,2.4306,690500,64.9395,2
3_13,3,13,134.295,68.5893,2.57307,690500,4.79583,2
3_14,3,14,139.758,79.5162,2.72124,690500,4.99927,2
3_14,3,14,140.087,80.1747,2.7377,690500,4.98764,2
3_14,3,14,139.997,79.994,2.73318,690500,5.10902,2
3_14,3,14,139.758,79.5162,2.72124,690500,5.01476,2
3_14,3,14,140.087,80.1747,2.7377,690500,4.87541,2
3_14,3,14,140.087,80.1747,2.7377,690500,5.02944,2
3_14,3,14,140.087,80.1747,2.7377,690500,4.96085,2
3_14,3,14,140.087,80.1747,2.7377,690500,4.98629,2
3_14,3,14,140.404,80.8082,2.75354,690500,4.89501,2
3_14,3,14,140.087,80.1747,2.7377,690500,117.639,2
3_15,3,15,201.133,102.266,3.65665,690500,6.1085,2
3_15,3,15,202.758,105.516,3.73791,690500,6.09689,2
3_15,3,15,202.824,105.648,3.74121,690500,5.88347,2
3_15,3,15,203.914,107.828,3.7957,690500,119.875,2
3_15,3,15,204.027,108.055,3.80136,690500,5.87706,2
3_15,3,15,200.506,101.011,3.62528,690500,5.90237,2
3_15,3,15,203.557,107.114,3.77785,690500,6.02376,2
3_15,3,15,203.012,106.023,3.75058,690500,5.80413,2
3_15,3,15,204.406,108.812,3.82031,690500,5.86233,2
3_15,3,15,203.996,107.992,3.7998,690500,5.86346,2
3_16,3,16,150.482,100.964,3.58244,690500,62.5673,2
3_16,3,16,151.989,103.979,3.6578,690500,63.0483,2
3_16,3,16,152.093,104.186,3.66299,690500,62.4507,2
3_16,3,16,151.446,102.892,3.63064,690500,63.541,2
3_16,3,16,153.977,107.954,3.75719,690500,5.20431,2
3_16,3,16,153.444,106.887,3.73052,690500,63.2041,2
3_16,3,16,153.719,107.438,3.74429,690500,5.33997,2
3_16,3,16,153.664,107.329,3.74155,690500,62.9982,2
3_16,3,16,152.842,105.683,3.70042,690500,5.16638,2
3_16,3,16,153.452,106.904,3.73094,690500,5.29018,2
3_17,3,17,209.585,119.17,4.11259,690500,6.22431,2
3_17,3,17,209.553,119.105,4.11096,690500,6.29966,2
3_17,3,17,214.13,128.26,4.33982,690500,6.44193,2
3_17,3,17,213.733,127.466,4.31998,690500,6.27677,2
3_17,3,17,214.408,128.816,4.35374,690500,6.54525,2
3_17,3,17,210.766,121.532,4.17162,690500,6.48438,2
3_17,3,17,211.499,122.997,4.20826,690500,6.41107,2
3_17,3,17,213.491,126.982,4.30788,690500,6.18749,2
3_17,3,17,214.054,128.108,4.33605,690500,6.40292,2
3_17,3,17,211.581,123.161,4.21236,690500,186.333,2
3_18,3,18,211.131,122.261,4.1982,690500,6.41896,2
3_18,3,18,205.846,111.692,3.93396,690500,185.594,2
3_18,3,18,213.106,126.213,4.29699,690500,6.44337,2
3_18,3,18,211.188,122.376,4.20107,690500,6.58875,2
3_18,3,18,213.277,126.553,4.3055,690500,6.31295,2
3_18,3,18,211.303,122.606,4.20683,690500,6.55254,2
3_18,3,18,211.302,122.605,4.20679,690500,6.69891,2
3_18,3,18,212.196,124.391,4.25145,690500,6.64828,2
3_18,3,18,212.206,124.413,4.25198,690500,6.7178,2
3_18,3,18,210.125,120.25,4.1479,690500,184.124,2
3_19,3,19,209.603,119.205,4.25513,690500,259.702,2
3_19,3,19,208.81,117.619,4.21548,690500,6.8544,2
3_19,3,19,206.659,113.319,4.10797,690500,6.82258,2
3_19,3,19,208.722,117.445,4.21112,690500,6.78655,2
3_19,3,19,208.902,117.805,4.22011,690500,6.55108,2
3_19,3,19,204.292,108.583,3.98959,690500,7.63639,2
3_19,3,19,211.903,123.806,4.37014,690500,6.86202,2
3_19,3,19,208.4,116.8,4.19499,690500,6.80448,2
3_19,3,19,208.172,116.344,4.18361,690500,6.64427,2
3_19,3,19,211.353,122.707,4.34267,690500,6.73884,2
3_20,3,20,217.752,135.504,4.46261,690500,245.922,2
3_20,3,20,218.759,137.518,4.51296,690500,240.102,2
3_20,3,20,218.405,136.809,4.49524,690500,7.04587,2
3_20,3,20,217.903,135.807,4.47017,690500,6.85527,2
3_20,3,20,215.436,130.872,4.34679,690500,6.91622,2
3_20,3,20,214.162,128.323,4.28308,690500,7.14107,2
3_20,3,20,207.379,114.757,3.94393,690500,7.40783,2
3_20,3,20,216.531,133.063,4.40157,690500,238.609,2
3_20,3,20,216.972,133.943,4.42358,690500,7.03502,2
3_20,3,20,217.858,135.716,4.46789,690500,7.09612,2
4_5,4,5,67.3024,34.6048,1.19012,690500,3.42354,2
4_5,4,5,67.3024,34.6048,1.19012,690500,3.47889,2
4_5,4,5,67.3024,34.6048,1.19012,690500,3.45571,2
4_5,4,5,67.3024,34.6048,1.19012,690500,3.47383,2
4_5,4,5,67.3024,34.6048,1.19012,690500,3.48767,2
4_5,4,5,67.3024,34.6048,1.19012,690500,3.45273,2
4_5,4,5,67.3024,34.6048,1.19012,690500,3.49525,2
4_5,4,5,67.3024,34.6048,1.19012,690500,3.48569,2
4_5,4,5,67.3024,34.6048,1.19012,690500,3.48641,2
4_5,4,5,67.3024,34.6048,1.19012,690500,3.4445,2
4_6,4,6,78.0244,56.0488,1.75122,690500,3.71516,2
4_6,4,6,78.0244,56.0488,1.75122,690500,3.74329,2
4_6,4,6,78.0244,56.0488,1.75122,690500,3.69541,2
4_6,4,6,78.0244,56.0488,1.75122,690500,3.69471,2
4_6,4,6,78.0244,56.0488,1.75122,690500,3.72848,2
4_6,4,6,78.0244,56.0488,1.75122,690500,3.68926,2
4_6,4,6,78.0244,56.0488,1.75122,690500,3.66936,2
4_6,4,6,78.0244,56.0488,1.75122,690500,3.73687,2
4_6,4,6,78.0244,56.0488,1.75122,690500,3.67926,2
4_6,4,6,78.0244,56.0488,1.75122,690500,3.64637,2
4_7,4,7,78.1791,56.3583,1.86729,690500,3.6318,2
4_7,4,7,78.1791,56.3583,1.86729,690500,3.56134,2
4_7,4,7,78.1791,56.3583,1.86729,690500,3.63797,2
4_7,4,7,78.1791,56.3583,1.86729,690500,3.53711,2
4_7,4,7,78.1791,56.3583,1.86729,690500,3.54974,2
4_7,4,7,78.1791,56.3583,1.86729,690500,3.64494,2
4_7,4,7,78.1791,56.3583,1.86729,690500,3.57278,2
4_7,4,7,78.1791,56.3583,1.86729,690500,3.5842,2
4_7,4,7,78.1791,56.3583,1.86729,690500,3.58093,2
4_7,4,7,78.1791,56.3583,1.86729,690500,3.59185,2
4_8,4,8,69.6393,39.2787,1.5403,690500,4.31076,2
4_8,4,8,69.6393,39.2787,1.5403,690500,4.21815,2
4_8,4,8,69.6393,39.2787,1.5403,690500,4.20069,2
4_8,4,8,69.6393,39.2787,1.5403,690500,4.2135,2
4_8,4,8,69.6393,39.2787,1.5403,690500,4.23982,2
4_8,4,8,69.6393,39.2787,1.5403,690500,4.22622,2
4_8,4,8,69.6393,39.2787,1.5403,690500,4.24111,2
4_8,4,8,69.6393,39.2787,1.5403,690500,4.24757,2
4_8,4,8,69.6393,39.2787,1.5403,690500,4.28335,2
4_8,4,8,69.6393,39.2787,1.5403,690500,4.23839,2
4_9,4,9,133.777,67.5543,2.26386,690500,4.21917,2
4_9,4,9,133.777,67.5543,2.26386,690500,4.25977,2
4_9,4,9,133.777,67.5543,2.26386,690500,4.27161,2
4_9,4,9,133.777,67.5543,2.26386,690500,4.16699,2
4_9,4,9,133.777,67.5543,2.26386,690500,4.17827,2
4_9,4,9,133.777,67.5543,2.26386,690500,4.1971,2
4_9,4,9,133.777,67.5543,2.26386,690500,4.25206,2
4_9,4,9,133.777,67.5543,2.26386,690500,4.21158,2
4_9,4,9,133.777,67.5543,2.26386,690500,4.22928,2
4_9,4,9,133.777,67.5543,2.26386,690500,51.9956,2
4_10,4,10,135.402,70.8039,2.33677,690500,58.2885,2
4_10,4,10,135.094,70.187,2.32134,690500,4.32428,2
4_10,4,10,136.192,72.3844,2.37628,690500,4.2862,2
4_10,4,10,136.192,72.3844,2.37628,690500,4.32831,2
4_10,4,10,135.402,70.8039,2.33677,690500,58.1022,2
4_10,4,10,135.402,70.8039,2.33677,690500,58.2494,2
4_10,4,10,135.402,70.8039,2.33677,690500,58.5138,2
4_10,4,10,135.402,70.8039,2.33677,690500,57.6582,2
4_10,4,10,135.402,70.8039,2.33677,690500,57.8365,2
4_10,4,10,135.402,70.8039,2.33677,690500,61.2927,2
4_11,4,11,131.825,63.6491,2.31623,690500,48.4104,2
4_11,4,11,131.496,62.9912,2.29978,690500,4.66205,2
4_11,4,11,131.74,63.4796,2.31199,690500,47.4519,2
4_11,4,11,131.397,62.7939,2.29485,690500,47.792,2
4_11,4,11,132.283,64.5657,2.33914,690500,48.1775,2
4_11,4,11,131.496,62.9912,2.29978,690500,4.69651,2
4_11,4,11,131.485,62.971,2.29927,690500,47.8305,2
4_11,4,11,131.875,63.7496,2.31874,690500,47.6045,2
4_11,4,11,131.397,62.7939,2.29485,690500,4.71483,2
4_11,4,11,131.443,62.886,2.29715,690500,4.71886,2
4_12,4,12,136.811,73.6227,2.69057,690500,59.9259,2
4_12,4,12,136.538,73.0757,2.67689,690500,57.4138,2
4_12,4,12,138.338,76.6756,2.76689,690500,4.71191,2
4_12,4,12,136.811,73.6227,2.69057,690500,57.2167,2
4_12,4,12,137.361,74.7219,2.71805,690500,57.605,2
4_12,4,12,133.805,67.6108,2.54027,690500,57.4327,2
4_12,4,12,137.663,75.3255,2.73314,690500,57.5652,2
4_12,4,12,132.337,64.6747,2.46687,690500,4.44752,2
4_12,4,12,138.381,76.7626,2.76907,690500,57.5523,2
4_12,4,12,133.629,67.2579,2.53145,690500,4.56703,2
4_13,4,13,143.214,86.4288,3.06905,690500,62.5987,2
4_13,4,13,143.339,86.6773,3.07526,690500,4.66397,2
4_13,4,13,143.538,87.0764,3.08524,690500,58.8503,2
4_13,4,13,143.684,87.3678,3.09253,690500,4.6706,2
4_13,4,13,143.833,87.6657,3.09998,690500,58.1493,2
4_13,4,13,142.566,85.1321,3.03664,690500,58.6958,2
4_13,4,13,142.566,85.1321,3.03664,690500,4.67665,2
4_13,4,13,143.423,86.846,3.07948,690500,4.62222,2
4_13,4,13,137.106,74.2122,2.76364,690500,58.0457,2
4_13,4,13,143.538,87.0764,3.08524,690500,62.5208,2
4_14,4,14,201.245,102.491,3.5956,690500,5.79859,2
4_14,4,14,200.129,100.257,3.53976,690500,6.0379,2
4_14,4,14,194.897,89.7939,3.27818,690500,5.99097,2
4_14,4,14,199.566,99.1315,3.51162,690500,115.736,2
4_14,4,14,199.467,98.9338,3.50668,690500,116.064,2
4_14,4,14,200.367,100.734,3.55168,690500,6.00492,2
4_14,4,14,200.888,101.776,3.57773,690500,115.602,2
4_14,4,14,201.48,102.959,3.60732,690500,116.619,2
4_14,4,14,196.446,92.8929,3.35566,690500,5.80972,2
4_14,4,14,197.961,95.9225,3.4314,690500,6.00191,2
4_15,4,15,142.949,85.8978,3.08911,690500,92.7536,2
4_15,4,15,142.889,85.7787,3.08613,690500,5.19746,2
4_15,4,15,139.221,78.4411,2.90269,690500,92.1669,2
4_15,4,15,142.946,85.8914,3.08895,690500,92.3241,2
4_15,4,15,140.034,80.0686,2.94338,690500,5.2621,2
4_15,4,15,142.742,85.4833,3.07875,690500,93.0884,2
4_15,4,15,140.48,80.9598,2.96566,690500,5.17007,2
4_15,4,15,143.096,86.1917,3.09646,690500,5.3442,2
4_15,4,15,142.463,84.9265,3.06483,690500,93.2645,2
4_15,4,15,140.043,80.0866,2.94383,690500,92.4139,2
4_16,4,16,148.564,97.1278,3.53653,690500,5.42248,2
4_16,4,16,147.529,95.0578,3.48478,690500,60.9221,2
4_16,4,16,147.169,94.3386,3.4668,690500,60.7453,2
4_16,4,16,146.368,92.7357,3.42672,690500,5.40779,2
4_16,4,16,147.446,94.891,3.48061,690500,60.5987,2
4_16,4,16,145.814,91.6284,3.39904,690500,60.5762,2
4_16,4,16,145.895,91.7908,3.4031,690500,60.742,2
4_16,4,16,148.401,96.802,3.52838,690500,5.39025,2
4_16,4,16,146.107,92.2147,3.4137,690500,5.4932,2
4_16,4,16,147.813,95.6251,3.49896,690500,60.1255,2
4_17,4,17,146.163,92.3257,3.29981,690500,82.2867,2
4_17,4,17,144.898,89.7955,3.23656,690500,82.2434,2
4_17,4,17,144.567,89.1332,3.22,690500,82.2795,2
4_17,4,17,144.553,89.1052,3.2193,690500,81.5011,2
4_17,4,17,146.878,93.7557,3.33556,690500,5.54664,2
4_17,4,17,146.317,92.634,3.30752,690500,5.76031,2
4_17,4,17,145.529,91.0582,3.26812,690500,5.60161,2
4_17,4,17,144.281,88.5617,3.20571,690500,81.7836,2
4_17,4,17,145.812,91.6236,3.28226,690500,5.63616,2
4_17,4,17,146.113,92.2264,3.29733,690500,81.9658,2
4_18,4,18,152.389,104.777,3.62776,690500,5.8845,2
4_18,4,18,152.53,105.059,3.63481,690500,94.939,2
4_18,4,18,152.046,104.092,3.61062,690500,5.71638,2
4_18,4,18,153.418,106.835,3.67922,690500,5.85166,2
4_18,4,18,154.07,108.141,3.71186,690500,95.1053,2
4_18,4,18,150.492,100.984,3.53294,690500,5.90676,2
4_18,4,18,152.513,105.025,3.63397,690500,5.7328,2
4_18,4,18,153.46,106.92,3.68133,690500,95.6209,2
4_18,4,18,154.392,108.784,3.72795,690500,5.82635,2
4_18,4,18,150.753,101.505,3.54596,690500,94.9129,2
4_19,4,19,165.262,130.525,4.51312,690500,72.4228,2
4_19,4,19,162.535,125.07,4.37676,690500,71.7432,2
4_19,4,19,164.271,128.542,4.46354,690500,72.4986,2
4_19,4,19,156.777,113.553,4.08883,690500,5.95943,2
4_19,4,19,162.718,125.436,4.38589,690500,5.88226,2
4_19,4,19,158.117,116.234,4.15585,690500,72.1502,2
4_19,4,19,162.338,124.676,4.36691,690500,5.87993,2
4_19,4,19,164.288,128.577,4.46442,690500,71.341,2
4_19,4,19,164.232,128.464,4.46159,690500,6.32773,2
4_19,4,19,158.538,117.076,4.17689,690500,5.9042,2
4_20,4,20,169.156,138.313,4.74115,690500,6.0762,2
4_20,4,20,169.334,138.668,4.75004,690500,75.616,2
4_20,4,20,163.139,126.278,4.44028,690500,6.22272,2
4_20,4,20,160.647,121.295,4.31571,690500,6.13858,2
4_20,4,20,173.655,147.31,4.96609,690500,6.2005,2
4_20,4,20,171.353,142.707,4.851,690500,75.9289,2
4_20,4,20,172.993,145.986,4.93298,690500,75.6626,2
4_20,4,20,168.005,136.009,4.68356,690500,6.10763,2
4_20,4,20,172.634,145.269,4.91505,690500,6.33775,2
4_20,4,20,165.431,130.862,4.55488,690500,6.26653,2
2_5,2,5,75.5919,51.1838,1.55459,1000000,5.45732,3
2_5,2,5,75.5919,51.1838,1.55459,1000000,5.31571,3
2_5,2,5,75.5919,51.1838,1.55459,1000000,5.32322,3
2_5,2,5,75.5919,51.1838,1.55459,1000000,5.35103,3
2_5,2,5,75.5919,51.1838,1.55459,1000000,5.35137,3
2_5,2,5,75.5919,51.1838,1.55459,1000000,5.29069,3
2_5,2,5,75.5919,51.1838,1.55459,1000000,5.31766,3
2_5,2,5,75.5919,51.1838,1.55459,1000000,5.52318,3
2_5,2,5,75.5919,51.1838,1.55459,1000000,5.28231,3
2_5,2,5,75.5919,51.1838,1.55459,1000000,5.29087,3
2_6,2,6,68.4019,36.8039,1.3701,1000000,5.76876,3
2_6,2,6,68.4019,36.8039,1.3701,1000000,5.78103,3
2_6,2,6,68.4019,36.8039,1.3701,1000000,5.74038,3
2_6,2,6,68.4019,36.8039,1.3701,1000000,5.77923,3
2_6,2,6,68.4019,36.8039,1.3701,1000000,5.76383,3
2_6,2,6,68.4019,36.8039,1.3701,1000000,5.72688,3
2_6,2,6,68.4019,36.8039,1.3701,1000000,5.7197,3
2_6,2,6,68.4019,36.8039,1.3701,1000000,5.75166,3
2_6,2,6,68.4019,36.8039,1.3701,1000000,5.73947,3
2_6,2,6,68.4019,36.8039,1.3701,1000000,5.75005,3
2_7,2,7,125.542,51.0834,1.71042,1000000,7.24286,3
2_7,2,7,125.04,50.0795,1.68532,1000000,7.14649,3
2_7,2,7,125.542,51.0834,1.71042,1000000,7.1813,3
2_7,2,7,125.542,51.0834,1.71042,1000000,7.12771,3
2_7,2,7,125.542,51.0834,1.71042,1000000,7.19933,3
2_7,2,7,125.542,51.0834,1.71042,1000000,7.15114,3
2_7,2,7,125.542,51.0834,1.71042,1000000,7.16252,3
2_7,2,7,125.542,51.0834,1.71042,1000000,7.13054,3
2_7,2,7,125.542,51.0834,1.71042,1000000,55.4568,3
2_7,2,7,125.542,51.0834,1.71042,1000000,7.11638,3
2_8,2,8,78.4441,56.8882,2.00554,1000000,5.63516,3
2_8,2,8,78.4441,56.8882,2.00554,1000000,5.62585,3
2_8,2,8,78.4441,56.8882,2.00554,1000000,5.5803,3
2_8,2,8,78.4441,56.8882,2.00554,1000000,5.6158,3
2_8,2,8,78.4441,56.8882,2.00554,1000000,5.6266,3
2_8,2,8,78.4441,56.8882,2.00554,1000000,5.63861,3
2_8,2,8,78.4441,56.8882,2.00554,1000000,5.58658,3
2_8,2,8,78.4441,56.8882,2.00554,1000000,5.54263,3
2_8,2,8,78.4441,56.8882,2.00554,1000000,5.62783,3
2_8,2,8,78.4441,56.8882,2.00554,1000000,5.62755,3
2_9,2,9,76.9759,53.9518,1.89879,1000000,6.19735,3
2_9,2,9,76.9759,53.9518,1.89879,1000000,6.21757,3
2_9,2,9,76.9759,53.9518,1.89879,1000000,6.23806,3
2_9,2,9,76.9759,53.9518,1.89879,1000000,6.23001,3
2_9,2,9,76.9759,53.9518,1.89879,1000000,6.23834,3
2_9,2,9,76.9759,53.9518,1.89879,1000000,6.22979,3
2_9,2,9,76.9759,53.9518,1.89879,1000000,6.14526,3
2_9,2,9,76.9759,53.9518,1.89879,1000000,6.33404,3
2_9,2,9,76.9759,53.9518,1.89879,1000000,6.18335,3
2_9,2,9,76.9759,53.9518,1.89879,1000000,6.18232,3
2_10,2,10,89.6784,79.3569,2.60892,1000000,5.41831,3
2_10,2,10,89.4477,78.8954,2.59739,1000000,5.43823,3
2_10,2,10,89.4477,78.8954,2.59739,1000000,5.42382,3
2_10,2,10,89.4477,78.8954,2.59739,1000000,5.38352,3
2_10,2,10,89.0347,78.0695,2.57674,1000000,5.38623,3
2_10,2,10,89.763,79.5259,2.61315,1000000,5.38255,3
2_10,2,10,89.4477,78.8954,2.59739,1000000,5.40595,3
2_10,2,10,89.5146,79.0293,2.60073,1000000,5.40917,3
2_10,2,10,89.5146,79.0293,2.60073,1000000,5.36702,3
2_10,2,10,89.0347,78.0695,2.57674,1000000,5.53211,3
2_11,2,11,89.4277,78.8554,2.64638,1000000,5.48988,3
2_11,2,11,89.4277,78.8554,2.64638,1000000,5.59721,3
2_11,2,11,89.8223,79.6447,2.66612,1000000,5.63183,3
2_11,2,11,89.4277,78.8554,2.64638,1000000,5.79637,3
2_11,2,11,89.4277,78.8554,2.64638,1000000,5.54929,3
2_11,2,11,89.8223,79.6447,2.66612,1000000,5.59245,3
2_11,2,11,89.6673,79.3347,2.65837,1000000,5.5482,3
2_11,2,11,89.4277,78.8554,2.64638,1000000,5.55701,3
2_11,2,11,89.4277,78.8554,2.64638,1000000,5.54497,3
2_11,2,11,89.4277,78.8554,2.64638,1000000,5.56418,3
2_12,2,12,141.385,82.7703,2.91926,1000000,82.9557,3
2_12,2,12,142.198,84.396,2.9599,1000000,82.2135,3
2_12,2,12,140.139,80.2789,2.85697,1000000,6.45422,3
2_12,2,12,139.202,78.4043,2.81011,1000000,6.61883,3
2_12,2,12,139.202,78.4043,2.81011,1000000,6.45627,3
2_12,2,12,140.139,80.2789,2.85697,1000000,6.4736,3
2_12,2,12,139.202,78.4043,2.81011,1000000,82.1863,3
2_12,2,12,141.857,83.7132,2.94283,1000000,83.6615,3
2_12,2,12,140.499,80.9986,2.87496,1000000,6.60997,3
2_12,2,12,142.371,84.7416,2.96854,1000000,83.5972,3
2_13,2,13,145.935,91.8699,3.29675,1000000,56.646,3
2_13,2,13,145.01,90.0208,3.25052,1000000,6.85377,3
2_13,2,13,143.433,86.8665,3.17166,1000000,56.9278,3
2_13,2,13,145.966,91.931,3.29828,1000000,6.72368,3
2_13,2,13,146.289,92.5773,3.31443,1000000,6.70849,3
2_13,2,13,144.391,88.781,3.21953,1000000,56.5889,3
2_13,2,13,147.616,95.233,3.38082,1000000,6.72474,3
2_13,2,13,149.889,99.7782,3.49446,1000000,6.73007,3
2_13,2,13,148.816,97.6314,3.44079,1000000,6.88484,3
2_13,2,13,148.787,97.5742,3.43936,1000000,56.7405,3
2_14,2,14,149.676,99.3515,3.47546,1000000,7.42615,3
2_14,2,14,148.42,96.8408,3.41269,1000000,7.48864,3
2_14,2,14,150.11,100.219,3.49714,1000000,80.183,3
2_14,2,14,148.828,97.6566,3.43308,1000000,81.7968,3
2_14,2,14,150.892,101.784,3.53627,1000000,7.39096,3
2_14,2,14,150.885,101.771,3.53594,1000000,81.5389,3
2_14,2,14,149.574,99.1471,3.47035,1000000,7.4788,3
2_14,2,14,150.904,101.808,3.53687,1000000,81.1571,3
2_14,2,14,149.578,99.1568,3.47059,1000000,81.5045,3
2_14,2,14,146.102,92.2045,3.29678,1000000,93.1982,3
2_15,2,15,143.784,87.5673,3.10585,1000000,7.71938,3
2_15,2,15,144.064,88.1278,3.11986,1000000,100.819,3
2_15,2,15,142.102,84.2048,3.02179,1000000,100.548,3
2_15,2,15,146.022,92.0448,3.21779,1000000,101.02,3
2_15,2,15,145.217,90.4341,3.17752,1000000,7.81665,3
2_15,2,15,144.492,88.9834,3.14125,1000000,7.58367,3
2_15,2,15,145.104,90.2079,3.17186,1000000,7.82141,3
2_15,2,15,146.437,92.8745,3.23853,1000000,99.2764,3
2_15,2,15,144.784,89.5684,3.15588,1000000,7.68092,3
2_15,2,15,146.35,92.7002,3.23417,1000000,7.74324,3
2_16,2,16,148.326,96.6529,3.42465,1000000,7.91683,3
2_16,2,16,152.698,105.395,3.64321,1000000,106.096,3
2_16,2,16,152.607,105.213,3.63867,1000000,8.10724,3
2_16,2,16,146.636,93.2728,3.34015,1000000,7.80024,3
2_16,2,16,154.079,108.159,3.7123,1000000,105.906,3
2_16,2,16,148.776,97.5524,3.44714,1000000,106.912,3
2_16,2,16,151.205,102.411,3.56861,1000000,105.633,3
2_16,2,16,153.66,107.32,3.69133,1000000,7.79091,3
2_16,2,16,150.686,101.373,3.54266,1000000,7.77129,3
2_16,2,16,151.106,102.213,3.56365,1000000,7.83809,3
2_17,2,17,147.787,95.5742,3.53936,1000000,115.077,3
2_17,2,17,150.801,101.602,3.69004,1000000,8.19224,3
2_17,2,17,148.845,97.6903,3.59226,1000000,8.08056,3
2_17,2,17,151.497,102.994,3.72485,1000000,115.865,3
2_17,2,17,147.047,94.0933,3.50233,1000000,8.11154,3
2_17,2,17,148.821,97.6427,3.59107,1000000,8.31144,3
2_17,2,17,148.842,97.6835,3.59209,1000000,115.094,3
2_17,2,17,144.5,89.0008,3.37502,1000000,8.06287,3
2_17,2,17,146.468,92.9357,3.47339,1000000,7.9489,3
2_17,2,17,150.461,100.922,3.67304,1000000,115.709,3
2_18,2,18,162.179,124.358,4.27561,1000000,8.57142,3
2_18,2,18,163.64,127.281,4.34869,1000000,8.68016,3
2_18,2,18,162.442,124.883,4.28875,1000000,8.39002,3
2_18,2,18,160.881,121.762,4.21071,1000000,8.59892,3
2_18,2,18,161.547,123.093,4.244,1000000,102.293,3
2_18,2,18,164.607,129.213,4.397,1000000,101.361,3
2_18,2,18,164.555,129.11,4.39441,1000000,101.878,3
2_18,2,18,161.822,123.645,4.25778,1000000,101.275,3
2_18,2,18,158.965,117.93,4.11491,1000000,101.56,3
2_18,2,18,162.589,125.178,4.2961,1000000,8.35201,3
2_19,2,19,275.835,151.671,5.0751,1000000,13.144,3
2_19,2,19,278.877,157.753,5.22716,1000000,12.7986,3
2_19,2,19,277.806,155.613,5.17365,1000000,13.6691,3
2_19,2,19,277.079,154.158,5.13728,1000000,13.7432,3
2_19,2,19,277.116,154.233,5.13916,1000000,352.886,3
2_19,2,19,277.017,154.034,5.13418,1000000,351.415,3
2_19,2,19,274.196,148.392,4.99312,1000000,13.0412,3
2_19,2,19,277.205,154.409,5.14356,1000000,353.928,3
2_19,2,19,274.59,149.18,5.01282,1000000,13.5653,3
2_19,2,19,278.192,156.383,5.19292,1000000,13.6447,3
2_20,2,20,170.342,140.684,4.70876,1000000,115.692,3
2_20,2,20,171.225,142.45,4.75293,1000000,116.739,3
2_20,2,20,172.697,145.395,4.82654,1000000,9.93595,3
2_20,2,20,167.403,134.806,4.56182,1000000,9.12434,3
2_20,2,20,172.808,145.617,4.83209,1000000,116.907,3
2_20,2,20,173.255,146.51,4.85442,1000000,115.643,3
2_20,2,20,171.941,143.882,4.78871,1000000,115.168,3
2_20,2,20,171.281,142.562,4.7557,1000000,8.89907,3
2_20,2,20,172.134,144.267,4.79834,1000000,9.06603,3
2_20,2,20,172.478,144.956,4.81556,1000000,115.436,3
3_5,3,5,70.7504,41.5007,1.42918,1000000,5.3516,3
3_5,3,5,70.7504,41.5007,1.42918,1000000,5.3681,3
3_5,3,5,70.7504,41.5007,1.42918,1000000,5.32113,3
3_5,3,5,70.7504,41.5007,1.42918,1000000,5.36479,3
3_5,3,5,70.7504,41.5007,1.42918,1000000,5.29987,3
3_5,3,5,70.7504,41.5007,1.42918,1000000,5.37339,3
3_5,3,5,70.7504,41.5007,1.42918,1000000,5.32882,3
3_5,3,5,70.7504,41.5007,1.42918,1000000,5.42012,3
3_5,3,5,70.7504,41.5007,1.42918,1000000,5.48326,3
3_5,3,5,70.7504,41.5007,1.42918,1000000,5.31188,3
3_6,3,6,131.693,63.3858,1.98465,1000000,30.01,3
3_6,3,6,131.693,63.3858,1.98465,1000000,6.58632,3
3_6,3,6,131.693,63.3858,1.98465,1000000,6.50327,3
3_6,3,6,131.693,63.3858,1.98465,1000000,6.53752,3
3_6,3,6,131.693,63.3858,1.98465,1000000,30.1592,3
3_6,3,6,131.693,63.3858,1.98465,1000000,29.95,3
3_6,3,6,131.693,63.3858,1.98465,1000000,6.5068,3
3_6,3,6,131.693,63.3858,1.98465,1000000,30.0929,3
3_6,3,6,131.693,63.3858,1.98465,1000000,29.9258,3
3_6,3,6,131.693,63.3858,1.98465,1000000,6.48425,3
3_7,3,7,75.158,50.3161,1.59957,1000000,6.3237,3
3_7,3,7,75.158,50.3161,1.59957,1000000,6.34605,3
3_7,3,7,75.158,50.3161,1.59957,1000000,6.38013,3
3_7,3,7,75.158,50.3161,1.59957,1000000,6.36582,3
3_7,3,7,75.158,50.3161,1.59957,1000000,6.39137,3
3_7,3,7,75.158,50.3161,1.59957,1000000,6.28681,3
3_7,3,7,75.158,50.3161,1.59957,1000000,6.46149,3
3_7,3,7,75.158,50.3161,1.59957,1000000,6.4058,3
3_7,3,7,75.158,50.3161,1.59957,1000000,6.3086,3
3_7,3,7,75.158,50.3161,1.59957,1000000,6.29534,3
3_8,3,8,127.795,55.5907,1.93977,1000000,7.64809,3
3_8,3,8,127.795,55.5907,1.93977,1000000,7.59354,3
3_8,3,8,127.795,55.5907,1.93977,1000000,7.59954,3
3_8,3,8,127.795,55.5907,1.93977,1000000,7.60931,3
3_8,3,8,127.795,55.5907,1.93977,1000000,7.62936,3
3_8,3,8,127.795,55.5907,1.93977,1000000,7.58945,3
3_8,3,8,127.795,55.5907,1.93977,1000000,7.57276,3
3_8,3,8,127.795,55.5907,1.93977,1000000,67.0343,3
3_8,3,8,127.795,55.5907,1.93977,1000000,7.64317,3
3_8,3,8,127.795,55.5907,1.93977,1000000,65.733,3
3_9,3,9,127.302,54.6032,1.98175,1000000,7.15238,3
3_9,3,9,127.302,54.6032,1.98175,1000000,6.95805,3
3_9,3,9,127.302,54.6032,1.98175,1000000,7.2582,3
3_9,3,9,127.302,54.6032,1.98175,1000000,6.93171,3
3_9,3,9,127.302,54.6032,1.98175,1000000,7.04976,3
3_9,3,9,127.302,54.6032,1.98175,1000000,100.035,3
3_9,3,9,127.302,54.6032,1.98175,1000000,7.00956,3
3_9,3,9,127.302,54.6032,1.98175,1000000,99.9678,3
3_9,3,9,127.302,54.6032,1.98175,1000000,6.98879,3
3_9,3,9,127.302,54.6032,1.98175,1000000,99.9855,3
3_10,3,10,139.757,79.5137,2.62118,1000000,6.30393,3
3_10,3,10,140.002,80.0048,2.63345,1000000,6.3184,3
3_10,3,10,139.567,79.1349,2.6117,1000000,58.6751,3
3_10,3,10,139.857,79.7148,2.6262,1000000,6.32806,3
3_10,3,10,139.757,79.5137,2.62118,1000000,6.28047,3
3_10,3,10,139.872,79.7433,2.62692,1000000,58.6972,3
3_10,3,10,139.757,79.5137,2.62118,1000000,58.5121,3
3_10,3,10,139.872,79.7433,2.62692,1000000,59.1982,3
3_10,3,10,139.872,79.7433,2.62692,1000000,6.19458,3
3_10,3,10,139.567,79.1349,2.6117,1000000,6.53511,3
3_11,3,11,131.419,62.8385,2.34596,1000000,6.49685,3
3_11,3,11,129.638,59.2762,2.2569,1000000,6.42458,3
3_11,3,11,128.45,56.9006,2.19751,1000000,6.35569,3
3_11,3,11,128.544,57.0873,2.20218,1000000,6.63631,3
3_11,3,11,129.501,59.0022,2.25006,1000000,103.491,3
3_11,3,11,128.45,56.9006,2.19751,1000000,103.504,3
3_11,3,11,130.904,61.8076,2.32019,1000000,104.699,3
3_11,3,11,129.241,58.4825,2.23706,1000000,6.36534,3
3_11,3,11,129.638,59.2762,2.2569,1000000,6.43946,3
3_11,3,11,130.409,60.8178,2.29544,1000000,6.38742,3
3_12,3,12,140.898,81.7951,2.76154,1000000,6.39852,3
3_12,3,12,141.783,83.566,2.80582,1000000,6.54802,3
3_12,3,12,141.736,83.4719,2.80347,1000000,72.3105,3
3_12,3,12,141.52,83.0402,2.79267,1000000,6.51709,3
3_12,3,12,141.739,83.4777,2.80361,1000000,6.53168,3
3_12,3,12,141.219,82.4389,2.77764,1000000,6.49648,3
3_12,3,12,140.679,81.3585,2.75063,1000000,6.51089,3
3_12,3,12,140.56,81.1198,2.74466,1000000,6.47218,3
3_12,3,12,141.783,83.566,2.80582,1000000,6.46701,3
3_12,3,12,141.514,83.0276,2.79236,1000000,6.68656,3
3_13,3,13,134.267,68.5333,2.57167,1000000,97.4526,3
3_13,3,13,132.673,65.3452,2.49196,1000000,6.79229,3
3_13,3,13,134.295,68.5893,2.57307,1000000,98.0495,3
3_13,3,13,133.412,66.8234,2.52892,1000000,97.385,3
3_13,3,13,134.296,68.5918,2.57313,1000000,6.95721,3
3_13,3,13,134.301,68.6014,2.57337,1000000,6.93544,3
3_13,3,13,132.535,65.0707,2.4851,1000000,6.83841,3
3_13,3,13,134.378,68.7566,2.57725,1000000,97.052,3
3_13,3,13,132.731,65.4614,2.49487,1000000,98.5366,3
3_13,3,13,133.689,67.3784,2.54279,1000000,6.97699,3
3_14,3,14,139.758,79.5162,2.72124,1000000,7.42285,3
3_14,3,14,143.753,87.5056,2.92097,1000000,7.41874,3
3_14,3,14,142.168,84.3361,2.84174,1000000,7.52486,3
3_14,3,14,141.973,83.9459,2.83198,1000000,7.29469,3
3_14,3,14,139.758,79.5162,2.72124,1000000,7.3378,3
3_14,3,14,139.758,79.5162,2.72124,1000000,7.55359,3
3_14,3,14,142.072,84.1447,2.83695,1000000,7.46275,3
3_14,3,14,139.758,79.5162,2.72124,1000000,176.373,3
3_14,3,14,141.208,82.4165,2.79374,1000000,176.522,3
3_14,3,14,142.168,84.3361,2.84174,1000000,7.47272,3
3_15,3,15,203.027,106.053,3.75133,1000000,8.98151,3
3_15,3,15,205.079,110.159,3.85397,1000000,180.621,3
3_15,3,15,201.434,102.868,3.67171,1000000,180.99,3
3_15,3,15,203.16,106.32,3.758,1000000,9.03717,3
3_15,3,15,200.617,101.234,3.63086,1000000,8.88102,3
3_15,3,15,202.044,104.087,3.70218,1000000,9.03344,3
3_15,3,15,202.045,104.089,3.70224,1000000,9.11064,3
3_15,3,15,204.966,109.931,3.84829,1000000,180.796,3
3_15,3,15,200.452,100.904,3.62259,1000000,8.75284,3
3_15,3,15,200.793,101.587,3.63967,1000000,180.133,3
3_16,3,16,153.923,107.846,3.75447,1000000,94.3097,3
3_16,3,16,152.015,104.03,3.65908,1000000,7.90012,3
3_16,3,16,154.891,109.782,3.80289,1000000,94.9701,3
3_16,3,16,151.458,102.916,3.63125,1000000,7.92676,3
3_16,3,16,154.873,109.747,3.80201,1000000,94.3023,3
3_16,3,16,154.329,108.658,3.77479,1000000,94.2865,3
3_16,3,16,154.427,108.854,3.77968,1000000,7.96703,3
3_16,3,16,154.99,109.98,3.80784,1000000,93.9852,3
3_16,3,16,152.98,105.961,3.70735,1000000,94.3992,3
3_16,3,16,152.43,104.86,3.67983,1000000,94.6921,3
3_17,3,17,212.829,125.658,4.27478,1000000,9.57702,3
3_17,3,17,208.962,117.924,4.08144,1000000,9.72718,3
3_17,3,17,207.576,115.152,4.01214,1000000,9.5454,3
3_17,3,17,212.582,125.164,4.26244,1000000,9.2724,3
3_17,3,17,210.916,121.832,4.17914,1000000,277.344,3
3_17,3,17,209.128,118.257,4.08976,1000000,9.14085,3
3_17,3,17,209.492,118.984,4.10793,1000000,9.61677,3
3_17,3,17,205.87,111.741,3.92685,1000000,9.56172,3
3_17,3,17,211.504,123.008,4.20854,1000000,9.46893,3
3_17,3,17,210.367,120.735,4.15171,1000000,279.819,3
3_18,3,18,208.601,117.202,4.07173,1000000,278.82,3
3_18,3,18,212.186,124.372,4.25097,1000000,277.075,3
3_18,3,18,211.819,123.638,4.23262,1000000,277.919,3
3_18,3,18,202.422,104.843,3.76275,1000000,9.90624,3
3_18,3,18,211.53,123.059,4.21815,1000000,10.0404,3
3_18,3,18,203.164,106.328,3.79987,1000000,10.2257,3
3_18,3,18,209.523,119.046,4.11781,1000000,9.58034,3
3_18,3,18,209.191,118.382,4.10121,1000000,9.84567,3
3_18,3,18,209.357,118.715,4.10954,1000000,277.386,3
3_18,3,18,209.793,119.587,4.13134,1000000,275.749,3
3_19,3,19,210.167,120.333,4.28333,1000000,10.8474,3
3_19,3,19,209.338,118.675,4.24188,1000000,10.1007,3
3_19,3,19,205.729,111.457,4.06143,1000000,9.80494,3
3_19,3,19,209.235,118.469,4.23673,1000000,10.2976,3
3_19,3,19,206.377,112.754,4.09385,1000000,9.783,3
3_19,3,19,209.792,119.584,4.2646,1000000,10.1031,3
3_19,3,19,204.139,108.279,3.98197,1000000,389.047,3
3_19,3,19,209.661,119.323,4.25807,1000000,10.3098,3
3_19,3,19,207.63,115.26,4.15649,1000000,387.776,3
3_19,3,19,208.119,116.238,4.18096,1000000,10.3623,3
3_20,3,20,217.158,134.317,4.43292,1000000,10.6271,3
3_20,3,20,216.456,132.911,4.39778,1000000,10.8979,3
3_20,3,20,217.953,135.905,4.47263,1000000,10.0768,3
3_20,3,20,217.225,134.451,4.43627,1000000,10.2927,3
3_20,3,20,215.911,131.822,4.37056,1000000,10.2635,3
3_20,3,20,214.357,128.715,4.29287,1000000,10.492,3
3_20,3,20,209.748,119.497,4.06242,1000000,9.96593,3
3_20,3,20,216.693,133.387,4.40967,1000000,353.411,3
3_20,3,20,215.76,131.52,4.36299,1000000,10.4271,3
3_20,3,20,217.33,134.661,4.44152,1000000,9.96785,3
4_5,4,5,67.3024,34.6048,1.19012,1000000,5.32408,3
4_5,4,5,67.3024,34.6048,1.19012,1000000,5.2998,3
4_5,4,5,67.3024,34.6048,1.19012,1000000,5.29626,3
4_5,4,5,67.3024,34.6048,1.19012,1000000,5.31159,3
4_5,4,5,67.3024,34.6048,1.19012,1000000,5.31863,3
4_5,4,5,67.3024,34.6048,1.19012,1000000,5.32466,3
4_5,4,5,67.3024,34.6048,1.19012,1000000,5.28163,3
4_5,4,5,67.3024,34.6048,1.19012,1000000,5.27343,3
4_5,4,5,67.3024,34.6048,1.19012,1000000,5.32442,3
4_5,4,5,67.3024,34.6048,1.19012,1000000,5.37427,3
4_6,4,6,78.0244,56.0488,1.75122,1000000,5.76068,3
4_6,4,6,78.0244,56.0488,1.75122,1000000,5.81054,3
4_6,4,6,78.0244,56.0488,1.75122,1000000,5.82413,3
4_6,4,6,78.0244,56.0488,1.75122,1000000,5.98933,3
4_6,4,6,78.0244,56.0488,1.75122,1000000,5.74247,3
4_6,4,6,78.0244,56.0488,1.75122,1000000,5.85036,3
4_6,4,6,78.0244,56.0488,1.75122,1000000,6.07421,3
4_6,4,6,78.0244,56.0488,1.75122,1000000,5.86202,3
4_6,4,6,78.0244,56.0488,1.75122,1000000,5.77139,3
4_6,4,6,78.0244,56.0488,1.75122,1000000,5.76399,3
4_7,4,7,78.1791,56.3583,1.86729,1000000,5.51626,3
4_7,4,7,78.1791,56.3583,1.86729,1000000,5.65312,3
4_7,4,7,78.1791,56.3583,1.86729,1000000,5.57379,3
4_7,4,7,78.1791,56.3583,1.86729,1000000,5.65135,3
4_7,4,7,78.1791,56.3583,1.86729,1000000,5.60419,3
4_7,4,7,78.1791,56.3583,1.86729,1000000,5.71058,3
4_7,4,7,78.1791,56.3583,1.86729,1000000,5.60034,3
4_7,4,7,78.1791,56.3583,1.86729,1000000,5.6286,3
4_7,4,7,78.1791,56.3583,1.86729,1000000,5.59668,3
4_7,4,7,78.1791,56.3583,1.86729,1000000,5.65087,3
4_8,4,8,69.6393,39.2787,1.5403,1000000,6.75548,3
4_8,4,8,69.6393,39.2787,1.5403,1000000,6.71757,3
4_8,4,8,69.6393,39.2787,1.5403,1000000,6.65984,3
4_8,4,8,69.6393,39.2787,1.5403,1000000,6.90921,3
4_8,4,8,69.6393,39.2787,1.5403,1000000,6.71694,3
4_8,4,8,69.6393,39.2787,1.5403,1000000,6.73752,3
4_8,4,8,69.6393,39.2787,1.5403,1000000,6.6911,3
4_8,4,8,69.6393,39.2787,1.5403,1000000,6.88884,3
4_8,4,8,69.6393,39.2787,1.5403,1000000,6.72139,3
4_8,4,8,69.6393,39.2787,1.5403,1000000,6.78425,3
4_9,4,9,133.777,67.5543,2.26386,1000000,6.33866,3
4_9,4,9,133.777,67.5543,2.26386,1000000,6.40391,3
4_9,4,9,133.777,67.5543,2.26386,1000000,6.24247,3
4_9,4,9,133.777,67.5543,2.26386,1000000,6.29625,3
4_9,4,9,133.777,67.5543,2.26386,1000000,78.1944,3
4_9,4,9,133.777,67.5543,2.26386,1000000,6.15768,3
4_9,4,9,133.777,67.5543,2.26386,1000000,6.20672,3
4_9,4,9,133.777,67.5543,2.26386,1000000,6.16068,3
4_9,4,9,133.777,67.5543,2.26386,1000000,6.15077,3
4_9,4,9,133.777,67.5543,2.26386,1000000,76.6552,3
4_10,4,10,135.402,70.8039,2.33677,1000000,6.21792,3
4_10,4,10,135.402,70.8039,2.33677,1000000,6.24746,3
4_10,4,10,136.192,72.3844,2.37628,1000000,83.6146,3
4_10,4,10,135.402,70.8039,2.33677,1000000,6.3148,3
4_10,4,10,135.402,70.8039,2.33677,1000000,6.27775,3
4_10,4,10,136.192,72.3844,2.37628,1000000,6.25618,3
4_10,4,10,136.192,72.3844,2.37628,1000000,84.5544,3
4_10,4,10,136.192,72.3844,2.37628,1000000,84.0474,3
4_10,4,10,136.192,72.3844,2.37628,1000000,84.4331,3
4_10,4,10,135.402,70.8039,2.33677,1000000,84.1021,3
4_11,4,11,132.032,64.0635,2.32659,1000000,69.2215,3
4_11,4,11,131.384,62.7671,2.29418,1000000,70.2081,3
4_11,4,11,131.496,62.9912,2.29978,1000000,70.2095,3
4_11,4,11,131.397,62.7939,2.29485,1000000,6.8901,3
4_11,4,11,131.496,62.9912,2.29978,1000000,6.93708,3
4_11,4,11,131.443,62.886,2.29715,1000000,6.90638,3
4_11,4,11,131.496,62.9912,2.29978,1000000,6.90641,3
4_11,4,11,132.22,64.439,2.33598,1000000,70.1549,3
4_11,4,11,131.397,62.7939,2.29485,1000000,6.89422,3
4_11,4,11,132.22,64.439,2.33598,1000000,69.8484,3
4_12,4,12,135.074,70.1485,2.60371,1000000,6.49323,3
4_12,4,12,132.337,64.6747,2.46687,1000000,83.5763,3
4_12,4,12,133.805,67.6108,2.54027,1000000,83.7868,3
4_12,4,12,137.598,75.1955,2.72989,1000000,6.93395,3
4_12,4,12,133.956,67.9116,2.54779,1000000,83.7231,3
4_12,4,12,135.515,71.0309,2.62577,1000000,84.7577,3
4_12,4,12,134.249,68.4979,2.56245,1000000,6.49084,3
4_12,4,12,134.967,69.9344,2.59836,1000000,6.53441,3
4_12,4,12,135.515,71.0309,2.62577,1000000,6.57038,3
4_12,4,12,132.337,64.6747,2.46687,1000000,84.739,3
4_13,4,13,144.239,88.4788,3.1203,1000000,85.9298,3
4_13,4,13,144.345,88.6905,3.1256,1000000,91.1266,3
4_13,4,13,141.833,83.6661,2.99999,1000000,6.79462,3
4_13,4,13,142.494,84.9875,3.03302,1000000,6.83676,3
4_13,4,13,142.021,84.0425,3.0094,1000000,6.73081,3
4_13,4,13,144.117,88.2345,3.1142,1000000,6.83258,3
4_13,4,13,139.669,79.3375,2.89177,1000000,86.6708,3
4_13,4,13,137.938,75.8765,2.80525,1000000,85.489,3
4_13,4,13,141.806,83.6121,2.99864,1000000,85.8364,3
4_13,4,13,143.246,86.4929,3.07065,1000000,6.71094,3
4_14,4,14,198.063,96.1268,3.4365,1000000,169.387,3
4_14,4,14,198.604,97.2077,3.46352,1000000,173.129,3
4_14,4,14,200.125,100.25,3.53958,1000000,8.54276,3
4_14,4,14,198.121,96.2414,3.43937,1000000,170.314,3
4_14,4,14,200.84,101.68,3.57533,1000000,8.53472,3
4_14,4,14,194.969,89.9371,3.28176,1000000,8.96636,3
4_14,4,14,200.351,100.702,3.55089,1000000,8.76187,3
4_14,4,14,200.077,100.154,3.53719,1000000,8.46781,3
4_14,4,14,199.805,99.6103,3.52359,1000000,8.6668,3
4_14,4,14,197.084,94.168,3.38753,1000000,8.4604,3
4_15,4,15,143.6,87.2002,3.12167,1000000,135.895,3
4_15,4,15,142.982,85.965,3.09079,1000000,7.66682,3
4_15,4,15,141.296,82.5913,3.00645,1000000,7.71287,3
4_15,4,15,142.892,85.784,3.08627,1000000,7.99917,3
4_15,4,15,143.628,87.2554,3.12305,1000000,7.5586,3
4_15,4,15,141.758,83.5169,3.02959,1000000,7.73656,3
4_15,4,15,142.397,84.7932,3.0615,1000000,141.311,3
4_15,4,15,142.736,85.4724,3.07848,1000000,7.80413,3
4_15,4,15,143.051,86.1018,3.09421,1000000,136.221,3
4_15,4,15,141.758,83.5169,3.02959,1000000,7.84821,3
4_16,4,16,147.864,95.7283,3.50154,1000000,100.259,3
4_16,4,16,145.867,91.7343,3.40169,1000000,8.01041,3
4_16,4,16,147.462,94.9245,3.48145,1000000,89.447,3
4_16,4,16,146.796,93.5912,3.44811,1000000,88.7645,3
4_16,4,16,145.104,90.2075,3.36352,1000000,90.1968,3
4_16,4,16,145.428,90.8562,3.37974,1000000,90.7888,3
4_16,4,16,144.857,89.7149,3.35121,1000000,89.5112,3
4_16,4,16,147.448,94.896,3.48073,1000000,7.99756,3
4_16,4,16,145.419,90.8384,3.37929,1000000,8.02603,3
4_16,4,16,146.679,93.3584,3.44229,1000000,89.7843,3
4_17,4,17,146.471,92.9425,3.31523,1000000,120.786,3
4_17,4,17,144.566,89.1326,3.21998,1000000,8.26573,3
4_17,4,17,147.024,94.0472,3.34285,1000000,8.65171,3
4_17,4,17,145.864,91.7282,3.28487,1000000,8.26673,3
4_17,4,17,146.821,93.6428,3.33274,1000000,8.11754,3
4_17,4,17,146.244,92.4881,3.30387,1000000,8.22402,3
4_17,4,17,146.383,92.7667,3.31083,1000000,8.02066,3
4_17,4,17,146.791,93.582,3.33122,1000000,8.08044,3
4_17,4,17,146.169,92.3381,3.30012,1000000,7.86387,3
4_17,4,17,147.848,95.697,3.38409,1000000,8.04632,3
4_18,4,18,152.192,104.383,3.61791,1000000,8.31764,3
4_18,4,18,151.185,102.37,3.56758,1000000,8.34407,3
4_18,4,18,153.662,107.324,3.69144,1000000,8.43255,3
4_18,4,18,149.354,98.7075,3.47602,1000000,8.24231,3
4_18,4,18,152.112,104.223,3.61391,1000000,136.212,3
4_18,4,18,154.359,108.718,3.72629,1000000,8.28462,3
4_18,4,18,152.374,104.748,3.62703,1000000,137.561,3
4_18,4,18,153.974,107.949,3.70705,1000000,137.247,3
4_18,4,18,154.778,109.555,3.74722,1000000,135.855,3
4_18,4,18,151.267,102.534,3.57167,1000000,8.42741,3
4_19,4,19,164.001,128.002,4.45006,1000000,8.74096,3
4_19,4,19,158.301,116.602,4.16505,1000000,103.009,3
4_19,4,19,162.41,124.82,4.37051,1000000,8.55836,3
4_19,4,19,162.981,125.961,4.39903,1000000,8.43052,3
4_19,4,19,164.102,128.204,4.4551,1000000,8.53881,3
4_19,4,19,160.559,121.118,4.27795,1000000,8.54895,3
4_19,4,19,159.535,119.07,4.22674,1000000,8.52202,3
4_19,4,19,156.429,112.858,4.07146,1000000,8.46452,3
4_19,4,19,163.683,127.365,4.43413,1000000,116.214,3
4_19,4,19,162.917,125.834,4.39585,1000000,8.47584,3
4_20,4,20,168.838,137.675,4.72522,1000000,8.81555,3
4_20,4,20,165.326,130.652,4.54964,1000000,108.725,3
4_20,4,20,165.031,130.062,4.53489,1000000,8.78255,3
4_20,4,20,167.923,135.847,4.6795,1000000,109.369,3
4_20,4,20,165.671,131.343,4.5669,1000000,8.76531,3
4_20,4,20,167.55,135.101,4.66086,1000000,8.78061,3
4_20,4,20,165.652,131.303,4.56591,1000000,8.94343,3
4_20,4,20,166.878,133.755,4.62722,1000000,8.88044,3
4_20,4,20,169.793,139.587,4.773,1000000,110.703,3
4_20,4,20,166.949,133.898,4.63078,1000000,8.74803,3
2_5,2,5,75.5919,51.1838,1.55459,4570,1.46181,8
2_5,2,5,75.5919,51.1838,1.55459,4570,1.40462,8
2_5,2,5,75.5919,51.1838,1.55459,4570,1.3952,8
2_5,2,5,75.5919,51.1838,1.55459,4570,1.42586,8
2_5,2,5,75.5919,51.1838,1.55459,4570,1.42842,8
2_5,2,5,75.5919,51.1838,1.55459,4570,1.44821,8
2_5,2,5,75.5919,51.1838,1.55459,4570,1.44978,8
2_5,2,5,75.5919,51.1838,1.55459,4570,1.50896,8
2_5,2,5,75.5919,51.1838,1.55459,4570,1.49922,8
2_5,2,5,75.5919,51.1838,1.55459,4570,1.60201,8
2_6,2,6,68.4019,36.8039,1.3701,4580,2.05855,8
2_6,2,6,68.4019,36.8039,1.3701,4580,1.61676,8
2_6,2,6,68.4019,36.8039,1.3701,4580,1.716,8
2_6,2,6,68.4019,36.8039,1.3701,4580,1.76093,8
2_6,2,6,68.4019,36.8039,1.3701,4580,1.70165,8
2_6,2,6,68.4019,36.8039,1.3701,4580,1.64199,8
2_6,2,6,68.4019,36.8039,1.3701,4580,1.72971,8
2_6,2,6,68.4019,36.8039,1.3701,4580,1.70691,8
2_6,2,6,68.4019,36.8039,1.3701,4580,1.63495,8
2_6,2,6,68.4019,36.8039,1.3701,4580,1.54449,8
2_7,2,7,123.973,47.9462,1.63199,4595,2.45447,8
2_7,2,7,123.973,47.9462,1.63199,4592,2.4506,8
2_7,2,7,125.542,51.0834,1.71042,4590,2.48098,8
2_7,2,7,125.542,51.0834,1.71042,4590,2.51075,8
2_7,2,7,125.542,51.0834,1.71042,4590,2.77939,8
2_7,2,7,123.973,47.9462,1.63199,4601,2.63036,8
2_7,2,7,125.542,51.0834,1.71042,4590,2.7106,8
2_7,2,7,125.542,51.0834,1.71042,4590,2.48543,8
2_7,2,7,125.542,51.0834,1.71042,4590,2.48686,8
2_7,2,7,123.973,47.9462,1.63199,4596,2.48723,8
2_8,2,8,78.4441,56.8882,2.00554,4600,1.97857,8
2_8,2,8,78.4441,56.8882,2.00554,4600,1.97592,8
2_8,2,8,78.4441,56.8882,2.00554,4600,1.96689,8
2_8,2,8,78.4441,56.8882,2.00554,4600,1.95834,8
2_8,2,8,78.4441,56.8882,2.00554,4600,1.97241,8
2_8,2,8,78.4441,56.8882,2.00554,4600,1.97903,8
2_8,2,8,78.4441,56.8882,2.00554,4600,1.95973,8
2_8,2,8,78.4441,56.8882,2.00554,4600,1.96607,8
2_8,2,8,78.4441,56.8882,2.00554,4600,1.96036,8
2_8,2,8,78.4441,56.8882,2.00554,4600,1.97622,8
2_9,2,9,76.9759,53.9518,1.89879,4610,2.14382,8
2_9,2,9,76.9759,53.9518,1.89879,4610,2.10396,8
2_9,2,9,76.9759,53.9518,1.89879,4610,2.11285,8
2_9,2,9,76.9759,53.9518,1.89879,4610,2.08779,8
2_9,2,9,76.9759,53.9518,1.89879,4610,2.09413,8
2_9,2,9,76.9759,53.9518,1.89879,4610,2.09194,8
2_9,2,9,76.9759,53.9518,1.89879,4610,2.08969,8
2_9,2,9,76.9759,53.9518,1.89879,4610,2.12757,8
2_9,2,9,76.9759,53.9518,1.89879,4610,2.08852,8
2_9,2,9,76.9759,53.9518,1.89879,4610,2.10102,8
2_10,2,10,136.332,72.6641,2.4416,4625,3.0456,8
2_10,2,10,94.8797,89.7594,2.86898,4620,1.97536,8
2_10,2,10,89.0347,78.0695,2.57674,4622,2.1199,8
2_10,2,10,91.5015,83.0029,2.70007,4626,2.02185,8
2_10,2,10,91.5015,83.0029,2.70007,4625,2.02157,8
2_10,2,10,97.0962,94.1923,2.97981,4620,1.85208,8
2_10,2,10,93.4294,86.8588,2.79647,4621,2.01833,8
2_10,2,10,91.5015,83.0029,2.70007,4621,2.01598,8
2_10,2,10,91.5015,83.0029,2.70007,4622,2.04956,8
2_10,2,10,89.0347,78.0695,2.57674,4622,2.11458,8
2_11,2,11,89.4277,78.8554,2.64638,4632,2.30649,8
2_11,2,11,133.439,66.8785,2.34696,4639,3.23105,8
2_11,2,11,133.439,66.8785,2.34696,4636,3.21246,8
2_11,2,11,133.439,66.8785,2.34696,4636,3.23706,8
2_11,2,11,91.5043,83.0085,2.75021,4632,2.2348,8
2_11,2,11,89.8223,79.6447,2.66612,4631,2.31698,8
2_11,2,11,89.4277,78.8554,2.64638,4631,2.27807,8
2_11,2,11,93.9466,87.8932,2.87233,4632,2.14567,8
2_11,2,11,91.5043,83.0085,2.75021,4634,2.18631,8
2_11,2,11,89.4277,78.8554,2.64638,4632,2.27655,8
2_12,2,12,140.139,80.2789,2.85697,4651,3.36835,8
2_12,2,12,140.139,80.2789,2.85697,4644,3.34864,8
2_12,2,12,139.202,78.4043,2.81011,4647,3.3171,8
2_12,2,12,140.139,80.2789,2.85697,4640,3.38969,8
2_12,2,12,140.139,80.2789,2.85697,4644,3.34317,8
2_12,2,12,140.139,80.2789,2.85697,4644,3.35386,8
2_12,2,12,139.202,78.4043,2.81011,4649,3.31054,8
2_12,2,12,140.139,80.2789,2.85697,5136,3.71999,8
2_12,2,12,139.202,78.4043,2.81011,4648,3.36245,8
2_12,2,12,139.202,78.4043,2.81011,4645,3.34138,8
2_13,2,13,191.452,82.905,3.07262,4661,3.76519,8
2_13,2,13,191.873,83.7452,3.09363,6315,5.03298,8
2_13,2,13,190.225,80.4499,3.01125,4662,3.76787,8
2_13,2,13,190.225,80.4499,3.01125,4661,3.71817,8
2_13,2,13,188.527,77.055,2.92637,4659,3.70399,8
2_13,2,13,192.027,84.0547,3.10137,4660,3.84572,8
2_13,2,13,151.089,102.177,3.55444,4653,3.52183,8
2_13,2,13,145.815,91.6309,3.29077,4828,3.59855,8
2_13,2,13,191.092,82.1832,3.05458,4659,3.77538,8
2_13,2,13,190.975,81.9493,3.04873,4657,3.78613,8
2_14,2,14,144.785,89.5691,3.23089,4669,3.91252,8
2_14,2,14,149.911,99.8214,3.4872,4668,3.77826,8
2_14,2,14,144.828,89.6563,3.23307,4667,3.76825,8
2_14,2,14,149.642,99.284,3.47377,4660,3.74015,8
2_14,2,14,149.554,99.1073,3.46935,4695,3.76763,8
2_14,2,14,148.166,96.3314,3.39995,4667,3.76275,8
2_14,2,14,148.695,97.3907,3.42643,4666,3.8115,8
2_14,2,14,150.056,100.111,3.49445,5232,4.26147,8
2_14,2,14,147.71,95.4204,3.37718,7402,6.00372,8
2_14,2,14,148.166,96.3314,3.39995,7681,6.13104,8
2_15,2,15,141.848,83.6965,3.00908,7674,6.52349,8
2_15,2,15,142.122,84.2438,3.02276,4689,3.96122,8
2_15,2,15,141.848,83.6965,3.00908,5065,4.27153,8
2_15,2,15,140.464,80.9273,2.93985,4886,4.21422,8
2_15,2,15,140.464,80.9273,2.93985,4677,4.01716,8
2_15,2,15,140.351,80.7013,2.9342,4687,3.93359,8
2_15,2,15,141.848,83.6965,3.00908,6941,5.85839,8
2_15,2,15,141.593,83.1859,2.99631,4684,4.00351,8
2_15,2,15,141.848,83.6965,3.00908,11170,9.37549,8
2_15,2,15,141.848,83.6965,3.00908,5397,4.64898,8
2_16,2,16,145.694,91.3874,3.29302,5224,4.70289,8
2_16,2,16,142.732,85.464,3.14493,4995,4.61194,8
2_16,2,16,142.732,85.464,3.14493,4822,4.31313,8
2_16,2,16,144.906,89.8122,3.25364,6085,5.56039,8
2_16,2,16,143.752,87.505,3.19596,4698,4.24383,8
2_16,2,16,142.732,85.464,3.14493,4691,4.17053,8
2_16,2,16,145.114,90.2274,3.26402,5045,4.55115,8
2_16,2,16,142.732,85.464,3.14493,4695,4.30546,8
2_16,2,16,142.732,85.464,3.14493,5163,4.67394,8
2_16,2,16,145.694,91.3874,3.29302,4966,4.49148,8
2_17,2,17,142.864,85.7279,3.2932,4726,4.37877,8
2_17,2,17,147.404,94.8073,3.52018,4921,4.7093,8
2_17,2,17,145.37,90.7393,3.41848,4700,4.44243,8
2_17,2,17,142.09,84.1801,3.2545,7010,6.73488,8
2_17,2,17,146.036,92.0719,3.4518,4695,4.44282,8
2_17,2,17,145.37,90.7393,3.41848,4716,4.45402,8
2_17,2,17,144.489,88.9785,3.37446,4697,4.32766,8
2_17,2,17,145.199,90.3983,3.40996,6438,6.11959,8
2_17,2,17,147.002,94.0037,3.50009,4747,4.31968,8
2_17,2,17,142.09,84.1801,3.2545,4698,4.44786,8
2_18,2,18,161.671,123.342,4.25021,4724,4.58072,8
2_18,2,18,154.838,109.676,3.90856,5653,5.52742,8
2_18,2,18,157.756,115.512,4.05447,4717,4.63705,8
2_18,2,18,155.153,110.306,3.92431,4733,4.7024,8
2_18,2,18,160.94,121.88,4.21366,4706,4.62601,8
2_18,2,18,160.131,120.262,4.17322,6488,6.20979,8
2_18,2,18,151.613,103.227,3.74734,4723,4.76149,8
2_18,2,18,157.894,115.789,4.06138,4907,4.83476,8
2_18,2,18,157.183,114.366,4.02581,4714,4.66305,8
2_18,2,18,153.17,106.34,3.82517,4782,4.76864,8
2_19,2,19,264.113,128.227,4.489,4739,5.44204,8
2_19,2,19,262.742,125.484,4.42043,4739,5.51706,8
2_19,2,19,261.619,123.237,4.36426,4747,5.43639,8
2_19,2,19,261.711,123.422,4.36889,4741,5.43279,8
2_19,2,19,263.756,127.511,4.47112,4737,5.43538,8
2_19,2,19,261.609,123.217,4.36376,4738,5.52387,8
2_19,2,19,263.327,126.654,4.44967,4769,5.46027,8
2_19,2,19,264.128,128.255,4.48971,4724,5.36557,8
2_19,2,19,265.632,131.265,4.56495,4751,5.5019,8
2_19,2,19,264.195,128.391,4.4931,4728,5.52137,8
2_20,2,20,168.101,136.203,4.59673,4723,4.89079,8
2_20,2,20,171.968,143.936,4.79008,7256,7.25888,8
2_20,2,20,205.171,110.342,3.95021,4767,5.21628,8
2_20,2,20,202.563,105.125,3.8198,4759,5.35875,8
2_20,2,20,158.982,117.965,4.14079,4743,5.14641,8
2_20,2,20,178.783,157.566,5.13082,4731,4.66213,8
2_20,2,20,173.569,147.138,4.87012,5123,4.96145,8
2_20,2,20,202.563,105.125,3.8198,4738,5.23955,8
2_20,2,20,178.015,156.029,5.0924,4824,4.77606,8
2_20,2,20,161.053,122.106,4.24432,4860,5.26411,8
3_5,3,5,70.7504,41.5007,1.42918,4580,1.46118,8
3_5,3,5,70.7504,41.5007,1.42918,4580,1.44206,8
3_5,3,5,70.7504,41.5007,1.42918,4580,1.45327,8
3_5,3,5,70.7504,41.5007,1.42918,4580,1.52866,8
3_5,3,5,70.7504,41.5007,1.42918,4580,1.44301,8
3_5,3,5,70.7504,41.5007,1.42918,4580,1.45846,8
3_5,3,5,70.7504,41.5007,1.42918,4580,1.47813,8
3_5,3,5,70.7504,41.5007,1.42918,4580,1.43152,8
3_5,3,5,70.7504,41.5007,1.42918,4580,1.41729,8
3_5,3,5,70.7504,41.5007,1.42918,4580,1.44149,8
3_6,3,6,131.693,63.3858,1.98465,4590,2.2696,8
3_6,3,6,131.693,63.3858,1.98465,4590,2.2952,8
3_6,3,6,131.693,63.3858,1.98465,4590,2.26162,8
3_6,3,6,131.693,63.3858,1.98465,4590,2.28072,8
3_6,3,6,131.693,63.3858,1.98465,4590,2.24947,8
3_6,3,6,131.693,63.3858,1.98465,4590,2.30814,8
3_6,3,6,131.693,63.3858,1.98465,4590,2.29205,8
3_6,3,6,131.693,63.3858,1.98465,4590,2.27348,8
3_6,3,6,131.693,63.3858,1.98465,4590,2.25483,8
3_6,3,6,131.693,63.3858,1.98465,4592,2.26375,8
3_7,3,7,75.158,50.3161,1.59957,4600,1.771,8
3_7,3,7,75.158,50.3161,1.59957,4600,1.77002,8
3_7,3,7,75.158,50.3161,1.59957,4600,1.77341,8
3_7,3,7,75.158,50.3161,1.59957,4600,1.76875,8
3_7,3,7,75.158,50.3161,1.59957,4600,1.77232,8
3_7,3,7,75.158,50.3161,1.59957,4600,1.78617,8
3_7,3,7,75.158,50.3161,1.59957,4600,1.7762,8
3_7,3,7,75.158,50.3161,1.59957,4600,1.76519,8
3_7,3,7,75.158,50.3161,1.59957,4600,1.77384,8
3_7,3,7,75.158,50.3161,1.59957,4600,1.76915,8
3_8,3,8,127.795,55.5907,1.93977,4611,2.70273,8
3_8,3,8,127.795,55.5907,1.93977,4610,2.66815,8
3_8,3,8,127.795,55.5907,1.93977,4610,2.68968,8
3_8,3,8,127.795,55.5907,1.93977,4615,2.68185,8
3_8,3,8,127.795,55.5907,1.93977,4612,2.68982,8
3_8,3,8,127.795,55.5907,1.93977,4611,2.6759,8
3_8,3,8,127.795,55.5907,1.93977,4613,2.70576,8
3_8,3,8,127.795,55.5907,1.93977,4611,2.68275,8
3_8,3,8,127.795,55.5907,1.93977,4613,2.68465,8
3_8,3,8,127.795,55.5907,1.93977,4610,2.68777,8
3_9,3,9,127.302,54.6032,1.98175,4622,3.0583,8
3_9,3,9,127.302,54.6032,1.98175,4621,3.09716,8
3_9,3,9,127.302,54.6032,1.98175,4622,3.08406,8
3_9,3,9,127.302,54.6032,1.98175,4621,3.10501,8
3_9,3,9,127.302,54.6032,1.98175,4621,3.10006,8
3_9,3,9,127.302,54.6032,1.98175,4621,3.05214,8
3_9,3,9,127.302,54.6032,1.98175,4623,3.08386,8
3_9,3,9,127.302,54.6032,1.98175,4621,3.05502,8
3_9,3,9,127.302,54.6032,1.98175,4621,3.07143,8
3_9,3,9,127.302,54.6032,1.98175,4620,3.05955,8
3_10,3,10,139.988,79.9762,2.63274,4633,3.0055,8
3_10,3,10,139.757,79.5137,2.62118,4633,2.97171,8
3_10,3,10,139.757,79.5137,2.62118,4637,2.96665,8
3_10,3,10,139.757,79.5137,2.62118,4631,2.98169,8
3_10,3,10,139.567,79.1349,2.6117,4646,2.98313,8
3_10,3,10,139.972,79.9441,2.63194,4632,2.9778,8
3_10,3,10,139.972,79.9441,2.63194,4638,2.98826,8
3_10,3,10,139.567,79.1349,2.6117,4631,2.96046,8
3_10,3,10,139.567,79.1349,2.6117,4631,3.00432,8
3_10,3,10,139.972,79.9441,2.63194,4639,3.02976,8
3_11,3,11,128.544,57.0873,2.20218,5802,4.06963,8
3_11,3,11,128.049,56.099,2.17747,4646,3.26084,8
3_11,3,11,128.45,56.9006,2.19751,4646,3.27493,8
3_11,3,11,128.544,57.0873,2.20218,4642,3.26117,8
3_11,3,11,128.049,56.099,2.17747,4648,3.22299,8
3_11,3,11,128.544,57.0873,2.20218,5891,4.13007,8
3_11,3,11,128.45,56.9006,2.19751,4644,3.26355,8
3_11,3,11,128.45,56.9006,2.19751,4648,3.23577,8
3_11,3,11,128.45,56.9006,2.19751,4643,3.22788,8
3_11,3,11,128.45,56.9006,2.19751,4640,3.25525,8
3_12,3,12,140.898,81.7951,2.76154,7107,5.13726,8
3_12,3,12,140.679,81.3585,2.75063,8478,6.20368,8
3_12,3,12,139.461,78.9225,2.68973,7064,5.0355,8
3_12,3,12,139.369,78.738,2.68512,6642,4.83073,8
3_12,3,12,139.369,78.738,2.68512,4650,3.34828,8
3_12,3,12,140.679,81.3585,2.75063,5556,4.10654,8
3_12,3,12,139.369,78.738,2.68512,4991,3.61776,8
3_12,3,12,140.898,81.7951,2.76154,4661,3.44279,8
3_12,3,12,141.219,82.4389,2.77764,4659,3.40783,8
3_12,3,12,141.219,82.4389,2.77764,4653,3.40885,8
3_13,3,13,134.115,68.2295,2.56407,6431,5.02836,8
3_13,3,13,133.283,66.5651,2.52246,4677,3.70558,8
3_13,3,13,133.283,66.5651,2.52246,4892,3.91256,8
3_13,3,13,131.445,62.8907,2.4306,4667,3.63461,8
3_13,3,13,133.353,66.7068,2.526,4666,3.64281,8
3_13,3,13,133.4,66.7992,2.52831,4668,3.75031,8
3_13,3,13,133.283,66.5651,2.52246,4666,3.74059,8
3_13,3,13,131.445,62.8907,2.4306,4677,3.64308,8
3_13,3,13,131.445,62.8907,2.4306,5057,3.88347,8
3_13,3,13,132.711,65.4211,2.49386,4780,3.70921,8
3_14,3,14,139.903,79.8059,2.72848,4680,3.74177,8
3_14,3,14,139.903,79.8059,2.72848,4687,3.76085,8
3_14,3,14,139.997,79.994,2.73318,4682,3.86174,8
3_14,3,14,139.903,79.8059,2.72848,4672,3.77484,8
3_14,3,14,139.903,79.8059,2.72848,4672,3.7743,8
3_14,3,14,139.903,79.8059,2.72848,4674,3.80817,8
3_14,3,14,139.758,79.5162,2.72124,4670,3.71831,8
3_14,3,14,139.997,79.994,2.73318,4673,3.87373,8
3_14,3,14,139.758,79.5162,2.72124,4683,3.80066,8
3_14,3,14,139.997,79.994,2.73318,4676,3.88632,8
3_15,3,15,195.158,90.3162,3.3579,4689,4.15244,8
3_15,3,15,193.277,86.5535,3.26384,8959,7.94093,8
3_15,3,15,196.092,92.1846,3.40461,4689,4.1314,8
3_15,3,15,195.65,91.2993,3.38248,4694,4.24483,8
3_15,3,15,196.938,93.8751,3.44688,4691,4.19161,8
3_15,3,15,194.651,89.3021,3.33255,4688,4.11734,8
3_15,3,15,197.024,94.0479,3.4512,4697,4.19741,8
3_15,3,15,195.763,91.5259,3.38815,4686,4.1063,8
3_15,3,15,194.651,89.3021,3.33255,4686,4.12642,8
3_15,3,15,195.158,90.3162,3.3579,8406,7.38867,8
3_16,3,16,149.964,99.9277,3.55653,6399,5.95435,8
3_16,3,16,151.052,102.105,3.61095,4696,4.31866,8
3_16,3,16,149.212,98.4248,3.51895,8111,7.17271,8
3_16,3,16,149.964,99.9277,3.55653,4697,4.26197,8
3_16,3,16,149.351,98.7012,3.52586,4693,4.26087,8
3_16,3,16,150.977,101.954,3.60718,4694,4.27099,8
3_16,3,16,149.964,99.9277,3.55653,6413,6.01157,8
3_16,3,16,151.384,102.767,3.62752,4914,4.5306,8
3_16,3,16,151.504,103.007,3.63351,4705,4.3223,8
3_16,3,16,149.299,98.5973,3.52327,6172,5.70063,8
3_17,3,17,200.538,101.076,3.66023,4713,4.64973,8
3_17,3,17,200.531,101.062,3.65988,7050,6.82647,8
3_17,3,17,199.76,99.5192,3.62131,4730,4.64265,8
3_17,3,17,198.209,96.4179,3.54378,4710,4.5564,8
3_17,3,17,199.76,99.5192,3.62131,4720,4.63989,8
3_17,3,17,200.538,101.076,3.66023,4719,4.58533,8
3_17,3,17,195.446,90.8929,3.40566,4708,4.55743,8
3_17,3,17,199.784,99.5684,3.62254,4734,4.62053,8
3_17,3,17,198.209,96.4179,3.54378,4851,4.70041,8
3_17,3,17,195.446,90.8929,3.40566,4725,4.59713,8
3_18,3,18,197.599,95.1974,3.5216,4726,4.8554,8
3_18,3,18,202.779,105.558,3.78063,4725,5.03527,8
3_18,3,18,201.904,103.809,3.73689,6917,6.92837,8
3_18,3,18,199.551,99.1014,3.6192,4723,4.82777,8
3_18,3,18,203.432,106.864,3.81327,4807,4.71124,8
3_18,3,18,200.843,101.687,3.68383,4764,4.85069,8
3_18,3,18,202.105,104.21,3.74692,4725,4.76662,8
3_18,3,18,199.551,99.1014,3.6192,4725,4.74725,8
3_18,3,18,203.688,107.376,3.82607,4726,4.68639,8
3_18,3,18,200.6,101.2,3.67166,4718,4.80504,8
3_19,3,19,198.065,96.129,3.67823,11149,12.1761,8
3_19,3,19,199.097,98.1944,3.72986,4808,5.1553,8
3_19,3,19,199.105,98.2104,3.73026,4729,5.1517,8
3_19,3,19,199.03,98.0602,3.7265,4741,5.11766,8
3_19,3,19,196.883,93.7664,3.61916,4748,5.18214,8
3_19,3,19,196.883,93.7664,3.61916,8990,9.70368,8
3_19,3,19,198.252,96.5038,3.6876,4741,5.30275,8
3_19,3,19,199.281,98.5622,3.73905,4726,5.15103,8
3_19,3,19,198.065,96.129,3.67823,6187,6.77027,8
3_19,3,19,196.883,93.7664,3.61916,4756,5.22199,8
3_20,3,20,207.966,115.931,3.97328,4758,5.17305,8
3_20,3,20,206.802,113.604,3.91511,4754,5.19534,8
3_20,3,20,202.739,105.478,3.71195,4746,5.17883,8
3_20,3,20,207.489,114.977,3.94943,4746,5.18079,8
3_20,3,20,201.343,102.687,3.64217,4740,5.18121,8
3_20,3,20,201.343,102.687,3.64217,4746,5.26237,8
3_20,3,20,200.453,100.907,3.59767,4745,5.26434,8
3_20,3,20,202.862,105.725,3.71812,4766,5.30222,8
3_20,3,20,205.872,111.744,3.8686,4797,5.34762,8
3_20,3,20,202.53,105.06,3.7015,4741,5.26539,8
4_5,4,5,67.3024,34.6048,1.19012,4590,1.45546,8
4_5,4,5,67.3024,34.6048,1.19012,4590,1.4911,8
4_5,4,5,67.3024,34.6048,1.19012,4590,1.46839,8
4_5,4,5,67.3024,34.6048,1.19012,4590,1.49249,8
4_5,4,5,67.3024,34.6048,1.19012,4590,1.46992,8
4_5,4,5,67.3024,34.6048,1.19012,4590,1.46177,8
4_5,4,5,67.3024,34.6048,1.19012,4590,1.47198,8
4_5,4,5,67.3024,34.6048,1.19012,4590,1.44917,8
4_5,4,5,67.3024,34.6048,1.19012,4590,1.43632,8
4_5,4,5,67.3024,34.6048,1.19012,4590,1.44788,8
4_6,4,6,78.0244,56.0488,1.75122,4600,1.67124,8
4_6,4,6,78.0244,56.0488,1.75122,4600,1.67558,8
4_6,4,6,78.0244,56.0488,1.75122,4600,1.67592,8
4_6,4,6,78.0244,56.0488,1.75122,4600,1.65843,8
4_6,4,6,78.0244,56.0488,1.75122,4600,1.68117,8
4_6,4,6,78.0244,56.0488,1.75122,4600,1.64853,8
4_6,4,6,78.0244,56.0488,1.75122,4600,1.73151,8
4_6,4,6,78.0244,56.0488,1.75122,4600,1.65909,8
4_6,4,6,78.0244,56.0488,1.75122,4600,1.65833,8
4_6,4,6,78.0244,56.0488,1.75122,4600,1.6793,8
4_7,4,7,78.1791,56.3583,1.86729,4610,1.78708,8
4_7,4,7,78.1791,56.3583,1.86729,4610,1.78981,8
4_7,4,7,78.1791,56.3583,1.86729,4610,1.78537,8
4_7,4,7,78.1791,56.3583,1.86729,4610,1.80194,8
4_7,4,7,78.1791,56.3583,1.86729,4610,1.79901,8
4_7,4,7,78.1791,56.3583,1.86729,4610,1.8023,8
4_7,4,7,78.1791,56.3583,1.86729,4610,1.77076,8
4_7,4,7,78.1791,56.3583,1.86729,4610,1.77654,8
4_7,4,7,78.1791,56.3583,1.86729,4610,1.78211,8
4_7,4,7,78.1791,56.3583,1.86729,4610,1.7876,8
4_8,4,8,69.6393,39.2787,1.5403,4620,2.02652,8
4_8,4,8,69.6393,39.2787,1.5403,4620,2.04116,8
4_8,4,8,69.6393,39.2787,1.5403,4620,2.04751,8
4_8,4,8,69.6393,39.2787,1.5403,4620,2.02395,8
4_8,4,8,69.6393,39.2787,1.5403,4620,2.02103,8
4_8,4,8,69.6393,39.2787,1.5403,4620,2.01986,8
4_8,4,8,69.6393,39.2787,1.5403,4620,2.04351,8
4_8,4,8,69.6393,39.2787,1.5403,4620,2.04107,8
4_8,4,8,69.6393,39.2787,1.5403,4620,2.0225,8
4_8,4,8,69.6393,39.2787,1.5403,4620,2.04221,8
4_9,4,9,133.777,67.5543,2.26386,4632,3.06904,8
4_9,4,9,133.777,67.5543,2.26386,4633,3.04595,8
4_9,4,9,133.777,67.5543,2.26386,4631,3.02696,8
4_9,4,9,133.777,67.5543,2.26386,4632,3.04863,8
4_9,4,9,133.777,67.5543,2.26386,4633,3.0438,8
4_9,4,9,133.777,67.5543,2.26386,4631,3.02441,8
4_9,4,9,133.777,67.5543,2.26386,9093,5.98637,8
4_9,4,9,133.777,67.5543,2.26386,4630,3.0714,8
4_9,4,9,133.777,67.5543,2.26386,4630,3.02643,8
4_9,4,9,133.777,67.5543,2.26386,4633,3.03624,8
4_10,4,10,135.094,70.187,2.32134,4645,3.11567,8
4_10,4,10,135.094,70.187,2.32134,4642,3.15251,8
4_10,4,10,135.094,70.187,2.32134,4643,3.17835,8
4_10,4,10,135.094,70.187,2.32134,4642,3.07735,8
4_10,4,10,135.094,70.187,2.32134,4646,3.09182,8
4_10,4,10,135.094,70.187,2.32134,4646,3.09947,8
4_10,4,10,135.094,70.187,2.32134,4641,3.14966,8
4_10,4,10,135.094,70.187,2.32134,4648,3.12418,8
4_10,4,10,135.094,70.187,2.32134,4643,3.09374,8
4_10,4,10,135.094,70.187,2.32134,4646,3.13005,8
4_11,4,11,131.397,62.7939,2.29485,4655,3.34872,8
4_11,4,11,131.384,62.7671,2.29418,4656,3.25396,8
4_11,4,11,131.384,62.7671,2.29418,4665,3.21283,8
4_11,4,11,131.485,62.971,2.29927,4656,3.19853,8
4_11,4,11,131.384,62.7671,2.29418,4653,3.29974,8
4_11,4,11,131.384,62.7671,2.29418,4656,3.25084,8
4_11,4,11,131.384,62.7671,2.29418,4657,3.31822,8
4_11,4,11,131.384,62.7671,2.29418,4653,3.23108,8
4_11,4,11,131.485,62.971,2.29927,4652,3.18857,8
4_11,4,11,131.397,62.7939,2.29485,5068,3.55626,8
4_12,4,12,132.337,64.6747,2.46687,4660,3.48287,8
4_12,4,12,134.379,68.7587,2.56897,5034,3.87877,8
4_12,4,12,136.513,73.0255,2.67564,4660,3.51518,8
4_12,4,12,133.679,67.3572,2.53393,4667,3.55364,8
4_12,4,12,137.139,74.2783,2.70696,7132,5.41124,8
4_12,4,12,134.379,68.7587,2.56897,4674,3.46674,8
4_12,4,12,133.679,67.3572,2.53393,4670,3.60717,8
4_12,4,12,136.816,73.6312,2.69078,4660,3.53288,8
4_12,4,12,133.679,67.3572,2.53393,4680,3.56257,8
4_12,4,12,134.379,68.7587,2.56897,4663,3.44196,8
4_13,4,13,137.106,74.2122,2.76364,6923,5.53911,8
4_13,4,13,141.33,82.6609,2.97486,4684,3.71933,8
4_13,4,13,137.106,74.2122,2.76364,6646,5.39593,8
4_13,4,13,140.048,80.0958,2.91073,4674,3.78848,8
4_13,4,13,137.106,74.2122,2.76364,4670,3.77134,8
4_13,4,13,137.106,74.2122,2.76364,6202,4.98826,8
4_13,4,13,137.106,74.2122,2.76364,4680,3.7486,8
4_13,4,13,140.048,80.0958,2.91073,4681,3.78134,8
4_13,4,13,140.048,80.0958,2.91073,4673,3.74821,8
4_13,4,13,137.106,74.2122,2.76364,4675,3.74464,8
4_14,4,14,192.966,85.932,3.18163,4696,4.02528,8
4_14,4,14,189.731,79.4616,3.01987,4684,3.92873,8
4_14,4,14,192.034,84.0682,3.13504,5245,4.53845,8
4_14,4,14,189.797,79.5943,3.02319,4704,4.01897,8
4_14,4,14,189.731,79.4616,3.01987,4693,3.92266,8
4_14,4,14,194.644,89.287,3.26551,4690,4.06999,8
4_14,4,14,196.783,93.5663,3.37249,4689,4.00533,8
4_14,4,14,192.966,85.932,3.18163,4685,3.9959,8
4_14,4,14,190.617,81.2345,3.0642,4686,4.07036,8
4_14,4,14,195.86,91.7206,3.32635,4684,3.97004,8
4_15,4,15,139.143,78.2859,2.89881,7874,7.09666,8
4_15,4,15,141.172,82.3433,3.00025,4713,4.13504,8
4_15,4,15,140.874,81.748,2.98537,4708,4.12573,8
4_15,4,15,139.221,78.4411,2.90269,4721,4.18439,8
4_15,4,15,139.143,78.2859,2.89881,5874,5.25942,8
4_15,4,15,141.172,82.3433,3.00025,4697,4.11409,8
4_15,4,15,140.874,81.748,2.98537,4693,4.10318,8
4_15,4,15,139.665,79.3297,2.92491,4725,4.19029,8
4_15,4,15,139.143,78.2859,2.89881,4703,4.28997,8
4_15,4,15,139.221,78.4411,2.90269,4693,4.18578,8
4_16,4,16,147.186,94.371,3.46761,7669,7.0724,8
4_16,4,16,146.746,93.4929,3.44566,4713,4.32168,8
4_16,4,16,146.851,93.702,3.45088,4707,4.42111,8
4_16,4,16,147.779,95.5583,3.49729,4703,4.40441,8
4_16,4,16,145.468,90.936,3.38173,8648,8.19785,8
4_16,4,16,145.89,91.7796,3.40282,4724,4.36773,8
4_16,4,16,146.352,92.7041,3.42594,4720,4.45608,8
4_16,4,16,147.169,94.3386,3.4668,4708,4.49566,8
4_16,4,16,146.521,93.0418,3.43438,4716,4.51417,8
4_16,4,16,146.21,92.42,3.41883,4797,4.44723,8
4_17,4,17,140.538,81.0761,3.01857,4728,4.65665,8
4_17,4,17,141.362,82.7238,3.05976,4723,4.54317,8
4_17,4,17,143.508,87.0154,3.16705,5059,5.01083,8
4_17,4,17,146.661,93.3219,3.32472,4719,4.37951,8
4_17,4,17,144.789,89.5781,3.23112,4724,4.60717,8
4_17,4,17,140.538,81.0761,3.01857,4718,4.54256,8
4_17,4,17,146.927,93.8539,3.33801,4718,4.56468,8
4_17,4,17,146.877,93.7537,3.33551,4713,4.55422,8
4_17,4,17,145.121,90.2428,3.24774,4712,4.48858,8
4_17,4,17,142.834,85.6689,3.13339,5642,5.49454,8
4_18,4,18,143.261,86.5212,3.17136,5045,4.93893,8
4_18,4,18,144.574,89.1486,3.23705,4742,4.78623,8
4_18,4,18,148.611,97.2221,3.43889,4863,4.61553,8
4_18,4,18,147.335,94.6694,3.37507,4731,4.77687,8
4_18,4,18,143.734,87.4685,3.19505,4752,4.87897,8
4_18,4,18,144.347,88.6943,3.22569,4737,4.71863,8
4_18,4,18,144.347,88.6943,3.22569,4728,4.77345,8
4_18,4,18,148.418,96.8367,3.42925,4900,4.80694,8
4_18,4,18,144.347,88.6943,3.22569,6657,6.54741,8
4_18,4,18,143.734,87.4685,3.19505,4726,4.84078,8
4_19,4,19,157.414,114.827,4.12068,4794,4.98958,8
4_19,4,19,155.724,111.449,4.03622,4732,4.98596,8
4_19,4,19,151.127,102.254,3.80635,5635,5.86183,8
4_19,4,19,155.874,111.748,4.04369,4761,4.92206,8
4_19,4,19,164.719,129.438,4.48595,4748,4.96299,8
4_19,4,19,157.346,114.693,4.11731,4749,4.97605,8
4_19,4,19,156.153,112.307,4.05766,4965,5.17525,8
4_19,4,19,153.664,107.327,3.93318,4736,4.98157,8
4_19,4,19,160.079,120.158,4.25395,4925,5.0144,8
4_19,4,19,155.674,111.349,4.03372,4749,4.9514,8
4_20,4,20,201.777,103.553,3.87217,4765,5.40301,8
4_20,4,20,199.97,99.9403,3.78184,4780,5.41033,8
4_20,4,20,157.491,114.983,4.1579,6464,6.90592,8
4_20,4,20,197.192,94.3845,3.64295,6514,7.23525,8
4_20,4,20,197.122,94.2449,3.63946,8209,9.26513,8
4_20,4,20,201.671,103.343,3.86691,4748,5.24302,8
4_20,4,20,199.115,98.23,3.73908,9384,10.5618,8
4_20,4,20,200.509,101.019,3.80881,5829,6.55971,8
4_20,4,20,197.263,94.5262,3.64649,5475,6.16526,8
4_20,4,20,200.609,101.217,3.81377,4758,5.49019,8
